timestamp,station_id,name,address,longitude,latitude,total_bases,active_bases,available_bikes,free_bases,reservations,status
2025-04-13 03:01:20,1409,5 - Fuencarral,"Calle Fuencarral n. 106,",-3.7021354,40.4285212,27,26,1,25,0,1
2025-04-13 03:01:20,1412,8 - Metro Alonso Martinez,"Plaza de Alonso Martinez n. 6,",-3.6954403000000005,40.4278682,24,24,2,22,0,1
2025-04-13 03:01:20,1414,10 - Marques de la Ensenada,"Calle Marques de la Ensenada (junto a edif, Centro Colon),",-3.6921040000000005,40.425403,23,23,10,13,0,1
2025-04-13 03:01:20,1415,11 - Plaza del Dos de Mayo,"Calle San Andres n. 18 - 20,",-3.7036,40.427,23,23,0,23,0,1
2025-04-13 03:01:20,2286,609 - Metro Ronda de la Comunicacion,"Ronda de la Comunicacion, s/n,",-3.6626887,40.5157202,23,23,19,4,0,1
2025-04-13 03:01:20,2287,408 - Metro San Cristobal,"Calle de Moncada, 102 ,",-3.692444,40.341725,23,23,1,22,0,1
2025-04-13 03:01:20,2288,"409 - Eduardo Barreiros, 114","Calle Eduardo Barreiros, 114,",-3.7046436000000003,40.3553495,23,23,21,2,0,1
2025-04-13 03:01:20,2289,606 - Fermin Caballero - Sangenjo,"Calle Fermin Caballero 2,",-3.6984849999999994,40.487363,23,23,3,20,0,1
2025-04-13 03:01:20,2290,349 - Huerta de Castaneda 26,"Calle Huerta de Castaneda, 26 ,",-3.74201882097404,40.40622095698234,24,26,25,1,0,1
2025-04-13 03:01:20,2291,544 - Gregorio Sanchez Herraez 14,"calle Gregorio Sanchez Herraez 14,",-3.6365700000000003,40.477248,23,23,14,9,0,1
2025-04-13 03:01:20,2293,552 - Ana de Austria - Ignacio Aldecoa,"Calle Ana de Austria, 52 ,",-3.6531502,40.4994394,27,27,10,17,0,1
2025-04-13 03:01:20,2294,542 - Intercambiador de Valdebebas,"Calle de Juan Antonio Samaranch s/n,",-3.6157089999999994,40.483962,23,22,16,6,0,1
2025-04-13 03:01:20,2298,608 - Estella - Camino de Santiago,"Calle Estella, 21,",-3.6743568,40.4968198,23,23,20,3,0,1
2025-04-13 03:01:20,2299,278 - Paseo los Pontones - Ps. Melancolicos,"Paseo de los Pontones, 26 ,",-3.7196,40.4040433,23,22,13,9,0,1
2025-04-13 03:01:20,2300,289 - Luis de Salazar - Padre Claret,"Calle luis de Salazar, 16 ,",-3.6649258000000002,40.4474166,23,23,10,13,0,1
2025-04-13 03:01:20,2302,"402 - Berrocal, 9","Calle de Berrocal, 9 ,",-3.67615,40.344115,27,31,28,3,0,1
2025-04-13 03:01:20,2303,543 - Tomas Redondo,"Calle Tomas Redondo, 9 ,",-3.6291380199999996,40.47178414,23,23,6,17,0,1
2025-04-13 03:01:20,2304,277 - Virgen del Puerto,"Paseo Virgen del Puerto, 27 ,",-3.7211780000000005,40.411622,15,15,13,2,0,1
2025-04-13 03:01:20,2306,282 - Parque Retiro - Puerta Reina Mercedes,"Avenida Menendez Pelayo enfrente del n.33 ,",-3.6787796,40.4181327,23,23,4,19,0,1
2025-04-13 03:01:20,2308,263 - Gran Via de San Francisco,"Avenida Gran Via de San Francisco, 6,",-3.712793282384579,40.40833880815136,23,23,9,14,0,1
2025-04-13 03:01:20,2309,"559 - Calle Babilonia, 19"," Calle Babilonia, 19,",-3.5882346999999997,40.4675299,23,20,6,14,0,1
2025-04-13 03:01:20,2311,581 - Metro Penagrande,"Camino de Ganapanes, 32-40 ,",-3.7163093000000003,40.4764797,24,22,10,12,0,1
2025-04-13 03:01:20,2312,598 - Hospital Ramon y Cajal,"Calle San Modesto, 44,",-3.6923396,40.4858012,24,23,2,21,0,1
2025-04-13 03:01:20,2313,341 - Escalona - Sesena,"Calle Escalona, 2,",-3.76182259,40.39834576,27,27,5,22,0,1
2025-04-13 03:01:20,2314,346 - Metro Empalme,"Calle de Tembleque, 31 ,",-3.7664844,40.3907438,24,24,8,16,0,1
2025-04-13 03:01:20,2315,347 - Est. tren Mtra Justa Freire-Poli Aluche,"Avenida de las Aguilas, 27 ,",-3.7686029999999997,40.383554,24,24,16,8,0,1
2025-04-13 03:01:20,2316,528 - Albelda - Torrelaguna,"Calle Albelda, 6,",-3.6573666,40.4494225,24,24,8,16,0,1
2025-04-13 03:01:20,2317,312 - Metro Batan,"Paseo de la Venta, 1,",-3.7528559,40.4077495,27,28,28,0,0,1
2025-04-13 03:01:20,2319,310 - Estacion de tren de Aravaca,"Calle Rosas de Aravaca, s/n ,",-3.7845536000000006,40.4490509,23,23,13,10,0,1
2025-04-13 03:01:20,2321,283 - Museo Nacional del Prado,"Calle Felipe IV, 5 ,",-3.6919057,40.4152082,23,23,10,13,0,1
2025-04-13 03:01:20,2322,564 - IFEMA B,"Avenida Del Partenon, 18 ,",-3.6138669999999995,40.463861,23,23,5,18,0,1
2025-04-13 03:01:20,2323,468 - Canos de San Pedro - San Cipriano,"Calle Canos de San Pedro, 12,",-3.6019220000000005,40.403472,23,23,12,11,0,1
2025-04-13 03:01:20,2325,414 - Metro Villaverde Bajo-Cruce,"Calle Santa Petronila, 7 ,",-3.692163,40.350985,24,24,4,20,0,1
2025-04-13 03:01:20,2326,380 - Oca,"Calle de la Oca, 22 ,",-3.7335492000000006,40.3894333,24,28,27,1,0,1
2025-04-13 03:01:20,2328,354 - Jacinto Verdaguer - Lola de Membrives,"Calle Jacinto Verdaguer, 12 ,",-3.7160526116262793,40.39593854704345,24,30,29,1,0,1
2025-04-13 03:01:20,2329,318 - C. Deportivo Mpal. Jose Maria Cagigal,"Calle Santa Pola, 22 ,",-3.7370276473602226,40.43205131007265,23,28,18,10,0,1
2025-04-13 03:01:20,2330,549 - Francisco Pi y Maragall,"Avenida Francisco Pi y Margall, 29 ,",-3.6503543999999994,40.4866354,19,19,9,10,0,1
2025-04-13 03:01:20,2331,"279 - Paseo de los Melancolicos, 1","Paseo de los Melancolicos, 1 ,",-3.7184815999999996,40.4104448,23,21,18,3,0,1
2025-04-13 03:01:20,2332,"407 - Carmen de Burgos, 4","Calle Carmen de Burgos, 4,",-3.6847883,40.3575459,23,28,17,11,0,1
2025-04-13 03:01:20,2333,"276 - Paseo de las Yeserias, 15","Paseo de las Yeserias, 15,",-3.7099166,40.39900539,23,22,8,14,0,1
2025-04-13 03:01:20,2337,381 - Alfredo Aleix - Mercedes Rodriguez,"Calle Alfredo Aleix, 9 ,",-3.7553916,40.3684767,24,24,8,16,0,1
2025-04-13 03:01:20,2339,"444 - Valderrebollo, 18","Calle Valderrebollo, 18 ,",-3.6276352,40.3743481,23,22,22,0,0,1
2025-04-13 03:01:20,2340,448 - Metro Las Suertes,"Avenida Del Ensanche de Vallecas, 80 ,",-3.5993520000000006,40.363376,27,27,8,19,0,1
2025-04-13 03:01:20,2341,472 - Metro Valdebernardo,"Calle de los Pinillas, 19,",-3.6211484999999994,40.3987974,27,27,16,11,0,1
2025-04-13 03:01:20,2343,474 - Estacion de tren de Vicalvaro,"Calle San Cipriano, 71 ,",-3.596875,40.402255,27,26,9,17,0,1
2025-04-13 03:01:20,2347,541 - Metro Pinar del Rey,"Avenida Gran Via de Hortaleza, 68 ,",-3.6468591,40.4682706,23,23,1,22,0,1
2025-04-13 03:01:20,2348,546 - Andorra - Canillas,"Calle Andorra, 2 ,",-3.6467519000000004,40.4628976,23,23,1,22,0,1
2025-04-13 03:01:20,2349,"550 - Principe Carlos, 54","Calle del Principe Carlos, 54 ,",-3.6566739999999998,40.4941108,23,22,7,15,0,1
2025-04-13 03:01:20,2350,553 - Maria Portugal - Niceto Alcala Zamora,"Calle Maria de Portugal, 44 ,",-3.658921,40.499909,23,23,15,8,0,1
2025-04-13 03:01:20,2352,"603 - Castiello de Jaca, 14","Calle Castiello de Jaca, n.14 ,",-3.6782027,40.5091982,23,23,10,13,0,1
2025-04-13 03:01:20,2360,610 - Bardegueral,"Calle Bardegueral, 16,",-3.7719096999999997,40.4501721,23,20,11,9,0,1
2025-04-13 03:01:20,2362,237 - Acueducto de Amaniel,"Calle Francisco Balseiro 2 ,",-3.7102736,40.4516819,24,22,8,14,0,1
2025-04-13 03:01:20,2365,262 - Maria de las Mercedes de Borbon B,"Calle Maria de las Mercedes de Borbon, 214,",-3.620114,40.4928683,23,20,1,19,0,1
2025-04-13 03:01:20,2366,611 - Maria de las Mercedes de Borbon A,"Calle Maria de las Mercedes de Borbon, 98,",-3.6121068531215528,40.490908297996654,23,23,20,3,0,1
2025-04-13 03:01:20,2368,176 - Plaza de la Beata Maria Ana de Jesus,"Calle Alicante, n.3 ,",-3.6939412,40.3941856,23,23,10,13,0,1
2025-04-13 03:01:20,2305,272 - Tejo - Parque La Ronda,"Calle del Tejo, 22 ,",-3.679186,40.39663,23,24,22,2,0,1
2025-04-13 03:01:20,2327,411 - Estacion de tren de Villaverde Alto,"Calle Domingo Parraga, 38 ,",-3.7118182999999996,40.3417533,23,23,9,14,0,1
2025-04-13 03:01:20,2342,473 - Villablanca - Parque Forestal Vicalvaro,"Calle Villa Blanca, 85 ,",-3.59888007,40.40500033,27,26,23,3,0,1
2025-04-13 03:01:20,1416,12 - San Hermenegildo,"Calle San Bernardo n. 85 - 87,",-3.7061405999999995,40.4284667,27,25,19,6,0,1
2025-04-13 03:01:20,1417,13 - Conde Duque,"Calle Conde Duque n. 22,",-3.7104999999999997,40.4273,23,23,13,10,0,1
2025-04-13 03:01:20,1418,14 - Ventura Rodriguez,"Ventura Rodriguez, 3,",-3.7133069,40.4260425,27,26,21,5,0,1
2025-04-13 03:01:20,1419,15 - Norte,"Calle norte n. 10,",-3.7074453,40.4262383,19,18,3,15,0,1
2025-04-13 03:01:20,1420,16 - San Bernardo,"Calle San Bernardo n. 22,",-3.7074808485065,40.4229374,19,19,3,16,0,1
2025-04-13 03:01:20,1421,17 - Plaza de Carlos Cambronero,"Plaza de Carlos Cambronero n. 2,",-3.7041659999999994,40.423126,23,22,6,16,0,1
2025-04-13 03:01:20,2351,601 - Estacion de tren de Fuencarral,"Calle Antonio de Cabezon, s/n (Estacion Cercanias Fuencarral),",-3.6824686999999994,40.5015588,24,24,9,15,0,1
2025-04-13 03:01:20,2297,320 - Metro Lago,"Paseo de la Puerta del Angel, 10 ,",-3.7345247000000006,40.4167792,19,27,22,5,0,1
2025-04-13 03:01:20,1427,24 - Palacio de Oriente,"Calle Carlos III n. 1,",-3.7106495,40.417767,18,0,0,0,0,1
2025-04-13 03:01:20,1430,26 - Plaza de las Salesas,"Plaza de las Salesas n. 2,",-3.6945,40.4239,27,26,3,23,0,1
2025-04-13 03:01:20,1434,30 - San Quintin,"Calle Pavia n. 4,",-3.711504,40.4192095,27,27,21,6,0,1
2025-04-13 03:01:20,1439,35 - Plaza del Cordon,"Plaza del Cordon n.1,",-3.7103284999999997,40.4141931,24,0,0,0,0,1
2025-04-13 03:01:20,1440,36 - Plaza Ramales,"Plaza de Ramales n.1,",-3.7118300000000004,40.4168,24,0,0,0,0,1
2025-04-13 03:01:20,1444,40 - Conde de Romanones,"Plaza del Conde de Romanones n. 2,",-3.7047949666162405,40.413778406369765,18,0,0,0,0,1
2025-04-13 03:01:20,1445,41 - Metro Anton Martin,"Calle Atocha n. 56,",-3.6991147000000004,40.4122047,19,0,0,0,0,1
2025-04-13 03:01:20,1446,42 - Santa Isabel,"Calle Santa Isabel 32,",-3.6982922,40.4108488,28,42,33,9,0,1
2025-04-13 03:01:20,1449,45 - Metro Puerta de Toledo,"Puerta de Toledo 1 ,",-3.7111033999999994,40.4068659,19,19,6,13,0,1
2025-04-13 03:01:20,1451,47 - Renfe/Cercanias Embajadores,"Glorieta de Embajadores, 7 ,",-3.7027998,40.4045772,24,26,9,17,0,1
2025-04-13 03:01:20,1452,48 - Casa de Banos Embajadores,"Glorieta de Embajadores frente a Casa de Banos,",-3.7020565999999997,40.4054815,24,26,12,14,0,1
2025-04-13 03:01:20,1456,52 - Plaza de Santa Ana,"Plaza de Santa Ana n. 10,",-3.7008558000000003,40.4144689,15,0,0,0,0,1
2025-04-13 03:01:20,1458,54 - Metro Tribunal,"Calle Barcelo n. 9,",-3.700392997553259,40.426599101766264,19,18,0,18,0,1
2025-04-13 03:01:20,1459,55 - Plaza de San Ildefonso,"Plaza de San Ildefonso n.4,",-3.7020842,40.4239757,24,0,0,0,0,1
2025-04-13 03:01:20,1461,57 - Santa Cruz de Marcenado,"Calle Santa Cruz del Marcenado n. 26,",-3.7126299,40.4295658,23,23,5,18,0,1
2025-04-13 03:01:20,1463,59 - Plaza de Juan Pujol,"Calle Espiritu Santo n. 30,",-3.7043418,40.4255495,19,19,0,19,0,1
2025-04-13 03:01:20,1465,61 - O'Donnell - Narvaez,"Calle O'Donnell n. 30,",-3.6753139,40.4214551,27,27,25,2,0,1
2025-04-13 03:01:20,1466,62 - Hospital M. Infantil Gregorio Maranon,"Calle O'Donnell n. 48,",-3.6724968,40.4213148,27,27,0,27,0,1
2025-04-13 03:01:20,1467,63 - Hospital Gral. Uni. Gregorio Maranon,"Calle Ibiza n. 64,",-3.6708958999999997,40.4179237,23,23,7,16,0,1
2025-04-13 03:01:20,1468,65 - Parque del Retiro - Calle Antonio Maura,"Calle Antonio Maura n. 13,",-3.6894247979427686,40.4167014469994,24,23,9,14,0,1
2025-04-13 03:01:20,1472,70 - Hospital Uni. Infantil Nino Jesus,"Avenida de Menendez Pelayo n. 63,",-3.677872542327878,40.415382385574716,27,26,13,13,0,1
2025-04-13 03:01:20,1473,71 - Plaza del Doctor Laguna,"Calle Doce de Octubre n. 28,",-3.6739,40.4161,23,22,17,5,0,1
2025-04-13 03:01:20,1474,72 - Metro Sainz de Baranda,"Calle Doctor Esquerdo n. 62,",-3.6696000000000004,40.4159,23,23,17,6,0,1
2025-04-13 03:01:20,1475,73 - Plaza de los Astros,"Calle de los Astros, n.5 ,",-3.6687,40.4115,23,26,26,0,0,1
2025-04-13 03:01:20,1476,74 - Parque Retiro - Jardines Cecilio Rguez,"Avenida de Menendez Pelayo n. 69,",-3.6765887637889834,40.41206290978386,27,27,22,5,0,1
2025-04-13 03:01:20,1478,"76 - Avenida del Mediterraneo, 19","Avenida del Mediterraneo n. 19,",-3.6751020000000003,40.407271,24,24,7,17,0,1
2025-04-13 03:01:20,1479,77 - Plaza del Conde de Casal,"Plaza del Conde de Casal n. 8,",-3.6707132,40.4064784,18,18,2,16,0,1
2025-04-13 03:01:20,1480,78 - Metro Pacifico,"Calle Cerro de la Plata n. 4,",-3.674524060049444,40.40063747422422,27,27,20,7,0,1
2025-04-13 03:01:20,1481,79 - Metro Menendez Pelayo,"Avenida de Menendez Pelayo n. 38,",-3.680439824323069,40.405110193977585,27,29,28,1,0,1
2025-04-13 03:01:20,1485,82 - Doctor Esquerdo - Metro Conde de Casal,"Calle Lira, n.1 ,",-3.6697526,40.4084556,23,20,9,11,0,1
2025-04-13 03:01:20,1486,83 - Pio Baroja,"Calle Pio Baroja n.8,",-3.6744795,40.4132995,23,23,12,11,0,1
2025-04-13 03:01:20,1487,84 - Biblioteca Publica Elena Fortun,"Calle Doctor Esquerdo n. 191,",-3.672481575393678,40.40357156992851,23,23,6,17,0,1
2025-04-13 03:01:20,1490,87 - Ayala - Velazquez,"Calle Ayala n. 46,",-3.6832565999999995,40.427736,23,22,7,15,0,1
2025-04-13 03:01:20,1491,88 - Velazquez-Padilla,"Calle Velazquez, 73 ,",-3.6838303,40.4313576,23,23,5,18,0,1
2025-04-13 03:01:20,1492,89 - Ayala - Conde de Penalver,"Calle Ayala n. 104,",-3.6752024,40.4272582,23,23,2,21,0,1
2025-04-13 03:01:20,1493,90 - Metro Velazquez,"Calle Goya, 20 ,",-3.6838415999999996,40.4251493,27,26,14,12,0,1
2025-04-13 03:01:20,1495,92 - Claudio Coello - Hermosilla,"Calle Claudio Coello, 43 ,",-3.6865463,40.4262945,23,23,5,18,0,1
2025-04-13 03:01:20,1498,95 - Claudio Coello - Villanueva,"Calle Claudio Coello n. 19,",-3.6869293000000005,40.4225428,23,22,0,22,0,1
2025-04-13 03:01:20,1499,96 - Alcala - Castello,"Calle Alcala n. 111,",-3.682204798770403,40.42201515498424,27,27,13,14,0,1
2025-04-13 03:01:20,1500,97 - Metro Principe de Vergara,"Avenida Menendez Pelayo (esquina calle Alcala),",-3.6802556,40.4225364,27,27,13,14,0,1
2025-04-13 03:01:20,1501,98 - Plaza de Felipe II,"Calle Narvaez, 3 ,",-3.6757676,40.4241325,24,24,6,18,0,1
2025-04-13 03:01:20,1502,99 - Alcantara - Hermosilla,"Calle Alcantara, 4 ,",-3.6740178,40.4260391,23,23,10,13,0,1
2025-04-13 03:01:20,1503,100 - Wizink Center,"Calle Goya n. 99,",-3.6738400000000007,40.42478,27,32,29,3,0,1
2025-04-13 03:01:20,1504,101 - Metro O'Donnell,"Calle Jorge Juan, 129 ,",-3.6696803999999994,40.4230771,24,23,6,17,0,1
2025-04-13 03:01:20,1505,102 - Metro Retiro,"Calle Alcala n. 95,",-3.6842317,40.4211845,23,23,7,16,0,1
2025-04-13 03:01:20,1508,"105 - Serrano, 46","Calle Serrano n. 46,",-3.6875418000000004,40.4270832,23,23,1,22,0,1
2025-04-13 03:01:20,1510,106B - Plaza de Colon B,"Calle Serrano n. 32,",-3.6878899999999994,40.424776,19,18,1,17,0,1
2025-04-13 03:01:20,1513,109 - Marques de Salamanca,"Calle Jose Ortega y Gasset n. 30,",-3.6814521000000004,40.4301245,23,22,6,16,0,1
2025-04-13 03:01:20,1515,111A - Metro Moncloa A,"Calle Arcipreste de Hita n. 8,",-3.7175248000000005,40.4336027,23,22,5,17,0,1
2025-04-13 03:01:20,1516,111B - Metro Moncloa B,"Calle Arcipreste de Hita n. 12,",-3.7177433999999994,40.433913,23,23,3,20,0,1
2025-04-13 03:01:20,1413,9 - Plaza de San Miguel,"Plaza de San Miguel n. 10,",-3.7095084,40.4156057,24,0,0,0,0,1
2025-04-13 03:01:20,1408,4 - Malasana,"Calle Manuela Malasana n. 3,",-3.7025,40.4286259,27,27,1,26,0,1
2025-04-13 03:01:20,1450,46 - Ribera de Curtidores,"Calle Ribera de Curtidores n. 28,",-3.7071258999999994,40.4053153,27,27,14,13,0,1
2025-04-13 03:01:20,2318,321 - Metro Casa de Campo,"Carretera del zoo s/n (metro Casa de Campo) ,",-3.7610509999999997,40.40316,27,24,0,24,0,1
2025-04-13 03:01:20,1484,81 - Cuesta de Moyano,"Calle Claudio Moyano, n.5 ,",-3.691833220071059,40.40934261188139,24,24,10,14,0,1
2025-04-13 03:01:20,2301,547 - Rafaela Aparicio - Maruja Mallo,"Calle Rafaela Aparicio, 1 ,",-3.6312178999999998,40.4792396,27,27,11,16,0,1
2025-04-13 03:01:20,1455,51 - Ronda de Atocha,"Ronda de Atocha (esquina con Plaza del Emperador Carlos V),",-3.6934856312828,40.40775564657782,27,27,11,16,0,1
2025-04-13 03:01:20,2335,342 - Osa de la Vega - Rafael Finat,"Calle Osa de la Vega, 1 ,",-3.7733810000000005,40.374979,23,31,30,1,0,1
2025-04-13 03:01:20,1494,91 - Hermosilla - General Pardinas,"Calle Hermosilla n. 71,",-3.6786285,40.426049,23,23,13,10,0,1
2025-04-13 03:01:20,1431,27 - Huertas,"Calle Jesus n. 6,",-3.6957000000000004,40.4133,27,27,9,18,0,1
2025-04-13 03:01:20,2334,340 - Illescas - Sesena,"Calle Illescas, 1 ,",-3.7656975999999998,40.3970983,27,26,10,16,0,1
2025-04-13 03:01:20,1453,49 - Casa Encendida,"Ronda de Atocha n. 34,",-3.6992774,40.4060533,27,26,16,10,0,1
2025-04-13 03:01:20,1488,85 - Parque del Retiro - Puerta de O Donnell,"Avenida de Menendez Pelayo, 9,",-3.6798909999999996,40.4213143,27,26,8,18,0,1
2025-04-13 03:01:20,1422,18 - Plaza de Pedro Zerolo,"Plaza de Pedro Zerolo n. 20,",-3.6996776,40.4209251,24,21,0,21,0,1
2025-04-13 03:01:20,1410,6 - Colegio Arquitectos,"Calle Hortaleza n. 63,",-3.6984469999999994,40.424148,19,16,0,16,0,1
2025-04-13 03:01:20,1423,19 - Prim,"Calle Prim n. 4,",-3.6954982999999997,40.4218616,28,27,9,18,0,1
2025-04-13 03:01:20,1462,58 - Metro Chueca,"Calle Augusto Figueroa n. 33,",-3.6978583000000005,40.4222783,27,26,0,26,0,1
2025-04-13 03:01:20,1469,67 - CaixaForum Madrid,"Calle de Almaden, 38,",-3.693225,40.4108472,23,21,4,17,0,1
2025-04-13 03:01:20,2320,311 - C. Universitaria - F. Geografia e Histo,"Calle Profesor Aranguren, 1 ,",-3.7335740000000004,40.448553,27,28,7,21,0,1
2025-04-13 03:01:20,1471,69 - Parque del Retiro - Puerta Angel Caido,"Avenida de Alfonso XII n. 54,",-3.688822,40.409808,27,27,10,17,0,1
2025-04-13 03:01:20,1457,53 - Plaza de Lavapies,"Plazuela de Ana Diosdado,",-3.700754126389314,40.40830870823806,24,24,6,18,0,1
2025-04-13 03:01:20,1448,44 - Plaza de Nelson Mandela,"Plaza Nelson Mandela, 44 ,",-3.7038640533106597,40.40979071254635,19,22,10,12,0,1
2025-04-13 03:01:20,1447,43 - Jesus y Maria,"Calle Jesus y Maria, 38 ,",-3.7024709999999996,40.4100387,18,17,10,7,0,1
2025-04-13 03:01:20,1443,39 - Plaza de la Cebada,"Plaza de la Cebada n. 3,",-3.7088337,40.4112744,31,29,5,24,0,1
2025-04-13 03:01:20,1477,75 - Parque del Retiro - Plaza Mariano Cavia,"Avenida Menendez pelayo (esquina con calle Poeta Esteban Villegas),",-3.6784749,40.4082717,27,30,15,15,0,1
2025-04-13 03:01:20,1407,3 - Plaza Conde Suchil,"Plaza Conde Surchill, 4 ,",-3.7072537000000003,40.4303223,19,19,4,15,0,1
2025-04-13 03:01:20,1506,103 - Ortega y Gasset - Serrano,"Calle Jose Ortega y Gasset, 6 ,",-3.6867439999999996,40.43053,23,23,2,21,0,1
2025-04-13 03:01:20,1441,37 - Plaza de San Francisco,"Plaza de San Francisco,",-3.714113,40.4108,24,24,20,4,0,1
2025-04-13 03:01:20,1464,60 - Puerta de Alcala,"Plaza de la Independencia, s/n ,",-3.688398,40.419752,23,21,11,10,0,1
2025-04-13 03:01:20,2324,465 - Cordel de Pavones - Bulevar Jose Prat,"465 - Cordel de Pavones, 48,",-3.619645,40.397375,24,25,24,1,0,1
2025-04-13 03:01:20,1424,20 - Banco de Espana,"Calle Alcala n. 48,",-3.6952465,40.4188076,27,23,8,15,0,1
2025-04-13 03:01:20,1470,68 - Espalter - Ruiz de Alarcon,"Calle Espalter n. 3,",-3.6913231999999994,40.4127692,19,20,9,11,0,1
2025-04-13 03:01:20,2389,613 - Facultad de informatica,"Calle Jose Garcia Santesmases, 9,",-3.7348129999999995,40.453109,23,22,3,19,0,1
2025-04-13 03:01:20,2392,628  - Calle Arcaute 13,"Calle Arcaute 13,  28022 Madrid,",-3.576652,40.44358,23,24,24,0,0,1
2025-04-13 03:01:20,2394,619 - Cooperativa Electrica 13,"Calle Cooperativa Electrica 13,",-3.6596330000000004,40.374387,23,23,23,0,0,1
2025-04-13 03:01:20,2395,"623  -  Ronda del Sur, esq Santa Rafaela","623 -  Ronda.del Sur, 4,",-3.6731049999999996,40.37773,23,23,16,7,0,1
2025-04-13 03:01:20,2396,614 - Biblioteca central de la UNED,"Calle Senda del Rey 3,",-3.7344822999999994,40.4356759,23,22,8,14,0,1
2025-04-13 03:01:20,2397,618 - Calle Paterna 55,"Calle Paterna 55,",-3.68482,40.340613,19,25,25,0,0,1
2025-04-13 03:01:20,2387,625 - Avenida de Miguel Delibes 49,"Avenida de Miguel Delibes 49,",-3.560344,40.405505,23,23,15,8,0,1
2025-04-13 03:01:20,2390,615 - Avenida Juan de Andres 21,"Avenida Juan de Andres 21,",-3.7227890000000006,40.468732,23,23,7,16,0,1
2025-04-13 03:01:20,2382,622 - Calle Sierra de Albarracin 2,"Calle Sierra de Albarracin 2,",-3.671961,40.386022,23,26,26,0,0,1
2025-04-13 03:01:20,2383,617 - Calle Eduardo Barreiros,"Calle Eduardo Barreiros s/n,",-3.7023800000000002,40.358866,23,23,16,7,0,1
2025-04-13 03:01:20,2384,626 - Avenida Victoria Kent 9,"Avenida Victoria kent, FRENTE n. 9 esquina C/Mario Moreno Cantiflas,",-3.564012,40.401326,23,22,10,12,0,1
2025-04-13 03:01:20,2385,627 - Alcalde Andres Madrid Davila 92,"C/ Alcalde Andres Madrid Davila 92,",-3.548534,40.398303,23,24,22,2,0,1
2025-04-13 03:01:20,2386,624  - Avenida Blas de Lezo 33,"Avenida Blas de Lezo 33,",-3.553002,40.407067,23,23,15,8,0,1
2025-04-13 03:01:20,2378,630 - Calle de Febrero 4,"Calle de Febrero n. 4,",-3.573031,40.446868,23,22,21,1,0,1
2025-04-13 03:01:20,2379,629 - Avda de Fermina Sevillano 23,"Calle de Avda de Fermina Sevillano 23,",-3.568829,40.44477,23,21,13,8,0,1
2025-04-13 03:01:20,2380,620 - Calle Cazorla 79,"Calle Cazorla  79 ,",-3.6658859999999995,40.376297,23,23,17,6,0,1
2025-04-13 03:01:20,2381,621 - Calle Montiel 27,"Calle Montiel 27 ,",-3.672609,40.381382,23,23,10,13,0,1
2025-04-13 03:01:20,2391,616 - Alcalde Martin de Alzaga,"calle Alcalde Martin de Alzaga 11,",-3.7171950000000002,40.462899,23,23,14,9,0,1
2025-04-13 03:01:20,1411,7 - Hortaleza,"Calle Hortaleza n. 75,",-3.6977715000000004,40.4251906,19,19,0,19,0,1
2025-04-13 03:01:20,1454,50 - Museo Reina Sofia,"Calle de Santa Isabel (esquina con plaza del Emperador Carlos V),",-3.6933462999999995,40.4083684,24,24,21,3,0,1
2025-04-13 03:01:20,1517,112 - Paseo de Moret - Parque del Oeste,"Paseo Moret, 9 ,",-3.7247360000000005,40.4326901,23,23,2,21,0,1
2025-04-13 03:01:20,1518,113 - Teleferico Madrid - Estacion Rosales,"Paseo del Pintor Rosales frente al n. 38,",-3.7207263,40.427538,24,23,11,12,0,1
2025-04-13 03:01:20,1519,114 - Quintana - Juan Alvarez de Mendizabal,"Calle Quintana n. 13,",-3.7174631000000002,40.4278379,23,23,1,22,0,1
2025-04-13 03:01:20,1520,115 - Ferraz - Templo de Debod,"Paseo de Pintor Rosales (esquina Marques de Cerralbo),",-3.7170515055225373,40.42531476841791,23,22,5,17,0,1
2025-04-13 03:01:20,1521,116A - Plaza de Espana - Martin de los Heros,"Plaza de Espana n.16,",-3.7130447,40.4236775,18,18,0,18,0,1
2025-04-13 03:01:20,1522,116B - Metro Plaza de Espana,"Calle de los Reyes, n.10,",-3.71046,40.423684,18,16,3,13,0,1
2025-04-13 03:01:20,1523,117 - Altamirano  - Martin de los Heros,"Calle Altamirano n. 24,",-3.7188898000000004,40.4309797,23,20,20,0,0,1
2025-04-13 03:01:20,1524,"118 - OFICINA DEL SER, APR Y BICIREGISTRO","Calle Juan Martinez el empeciado (esquina calle Bustamante) ,",-3.6882407,40.400781,23,23,22,1,0,1
2025-04-13 03:01:20,1525,119 - Mendez Alvaro,"Calle Mendez Alvaro n. 11,",-3.6862652999999996,40.4012905,23,22,5,17,0,1
2025-04-13 03:01:20,1526,120 - Metro Palos de la Frontera,"Calle Palos de la Frontera n. 27,",-3.6948251018524214,40.403090451430614,27,27,9,18,0,1
2025-04-13 03:01:20,1527,121 - Glorieta de Santa Maria de la Cabeza,"Paseo de Santa Maria de la Cabeza n. 58,",-3.6986027000000004,40.4017487,27,25,19,6,0,1
2025-04-13 03:01:20,1528,122 - Santa Engracia - Zurbaran,"Calle Santa Engracia n. 14,",-3.6963659,40.4295362,23,23,3,20,0,1
2025-04-13 03:01:20,1529,123 - Metro Arguelles,"Calle Guzman el Bueno n. 2,",-3.7133412,40.4306458,27,26,9,17,0,1
2025-04-13 03:01:20,1530,124 - Metro Bilbao,"Calle Manuel Silvela n. 20,",-3.6993695,40.430969,27,25,5,20,0,1
2025-04-13 03:01:20,1531,125 - Fdez. de la Hoz - Gral. Martinez Campos,"Calle Fernandez de la Hoz n. 29,",-3.6948,40.4353,27,27,0,27,0,1
2025-04-13 03:01:20,1532,126 - General Alvarez de Castro,"Calle del General Alvarez de Castro, 6 ,",-3.7018044,40.4345976,27,25,4,21,0,1
2025-04-13 03:01:20,1534,128 - Metro Islas Filipinas,"Calle Cea Bermudez n. 59,",-3.7154,40.4392,27,27,3,24,0,1
2025-04-13 03:01:20,1535,129 - Metro Alonso Cano,"Calle de Jose Abascal, 33-35 ,",-3.6982353,40.4383865,27,25,1,24,0,1
2025-04-13 03:01:20,1536,130 - Metro Rios Rosas,"Calle de Santa Engracia, 129 ,",-3.7016399999999994,40.44156,23,22,1,21,0,1
2025-04-13 03:01:20,1537,131 - Plaza de Juan Zorrilla,"Calle Bravo Murillo n. 44,",-3.7040312299999996,40.4417884,23,22,10,12,0,1
2025-04-13 03:01:20,1538,132 - Glorieta de Cuatro Caminos,"Calle Santa Engracia, 164 ,",-3.703605250412747,40.446377501314885,27,27,26,1,0,1
2025-04-13 03:01:20,1539,133 - Raimundo Fdez. Villaverde - Dulcinea,"Calle Dulcinea, 3 ,",-3.7001669,40.447125,24,24,5,19,0,1
2025-04-13 03:01:20,1542,136 - Metro Nuevos Ministerios,"Paseo de la Castellana n. 106,",-3.690769,40.4451244,23,22,5,17,0,1
2025-04-13 03:01:20,1545,139 - Jose Gutierrez Abascal - Castellana,"Calle Pedro de Valdivia, 2 ,",-3.690419307270818,40.43939562033124,24,24,2,22,0,1
2025-04-13 03:01:20,1546,140 - Velazquez - Lopez de Hoyos,"Calle Velazquez, 134 ,",-3.6830583,40.4387566,27,26,15,11,0,1
2025-04-13 03:01:20,1549,186 - General Pardinas - Don Ramon de la Cruz,"Calle General Pardinas, 58 ,",-3.6783015999999997,40.4289804,23,22,0,22,0,1
2025-04-13 03:01:20,1550,144 - Metro Diego de Leon,"Calle de Juan Bravo, 51 ,",-3.675556,40.4324081,27,26,0,26,0,1
2025-04-13 03:01:20,1551,145 - Ortega y Gasset 87,"Calle Ortega y Gasset n. 87,",-3.6712823,40.429887,23,22,14,8,0,1
2025-04-13 03:01:20,1552,"146 - Maria Francisca, 3","Calle de Maria Francisca, 3,",-3.6788499,40.4442541,19,14,5,9,0,1
2025-04-13 03:01:20,1553,147 - Doctor Arce 45,"Avenida del Doctor Arce n. 45,",-3.6794000000000002,40.4484,23,23,2,21,0,1
2025-04-13 03:01:20,1555,149 - Plaza de Quito,"Paseo de la Habana n. 42,",-3.6879303,40.4498515,23,22,8,14,0,1
2025-04-13 03:01:20,1557,151 - Orense 12,"Calle Orense n. 12,",-3.695359265012366,40.44881224951987,27,27,6,21,0,1
2025-04-13 03:01:20,1558,"152 - General Peron, 4","Avenida del General Peron, 4 ,",-3.6989,40.4525,23,23,5,18,0,1
2025-04-13 03:01:20,1559,153 - General Peron - Poeta Joan Maragall,"Avenida del General Peron, 36 ,",-3.6935999999999996,40.4523,23,22,0,22,0,1
2025-04-13 03:01:20,1560,154 - Orense 36,"Calle Orense n. 36,",-3.6946218,40.4548456,24,24,4,20,0,1
2025-04-13 03:01:20,1561,155 - San German 57,"Calle San German n. 57,",-3.700930190178302,40.4573342300643,23,23,21,2,0,1
2025-04-13 03:01:20,1562,156 - Sor Angela de la Cruz-Paseo Castellana,"Calle Sor Angela de la Cruz n. 2,",-3.691533,40.4592351,24,23,9,14,0,1
2025-04-13 03:01:20,1564,158 - Alberto Alcocer - Padre Damian,"Avenida de Alberto Alcocer n. 22,",-3.684715,40.4585318,23,23,0,23,0,1
2025-04-13 03:01:20,1565,159 - Paseo de la Habana 63,"Paseo de la Habana n. 63,",-3.6835925999999994,40.4543852,23,23,1,22,0,1
2025-04-13 03:01:20,1566,160 - Metro Colombia,"Calle Colombia, 11 ,",-3.6763439,40.4572466,24,23,5,18,0,1
2025-04-13 03:01:20,1568,162 - Metro Piramides,"Paseo de los Olmos, 26 ,",-3.7105765,40.4034968,23,24,16,8,0,1
2025-04-13 03:01:20,1569,163 - Metro Acacias,"Paseo de la Esperanza, 2A ,",-3.7064450000000004,40.4037586,19,19,2,17,0,1
2025-04-13 03:01:20,1570,164 - Paseo de las Delicias - Tomas Breton,"Paseo de las Delicias n. 94,",-3.69461,40.39723,27,27,18,9,0,1
2025-04-13 03:01:20,1571,165 - Entrada Matadero - Paseo de la Chopera,"Paseo de la Chopera frente 51 ,",-3.697596,40.392888,43,43,29,14,0,1
2025-04-13 03:01:20,1572,166 - Viaducto de Segovia,"Calle Segovia n. 26,",-3.713377023313513,40.41390473235381,26,24,5,19,0,1
2025-04-13 03:01:20,1573,167 - Segovia 45,"Calle Segovia n. 45,",-3.7174891703237303,40.41374770742206,27,26,10,16,0,1
2025-04-13 03:01:20,1574,168 - Santa Maria Cabeza - Batalla del Salado,"Paseo Santa Maria de la Cabeza frente al 30 ,",-3.6959,40.4046,23,21,20,1,0,1
2025-04-13 03:01:20,1575,169 - Glorieta de Piramides,"Calle Toledo n. 181,",-3.713823,40.401589,24,23,3,20,0,1
2025-04-13 03:01:20,1576,"170 - Paseo de la Esperanza, 21","Paseo de la Esperanza n. 21,",-3.7043956,40.4010554,24,24,17,7,0,1
2025-04-13 03:01:20,1577,171 - Embajadores-Caceres,"Calle Embajadores n. 97,",-3.6984023000000006,40.3997013,27,29,23,6,0,1
2025-04-13 03:01:20,1578,172 - Estacion de tren de Delicias,"Calle Bustamante n. 3,",-3.6934925999999995,40.4008279,23,23,22,1,0,1
2025-04-13 03:01:20,1579,173 - Paseo Esperanza - Santa Maria Cabeza,"Paseo de la Esperanza n. 59,",-3.7024839,40.3983467,24,28,28,0,0,1
2025-04-13 03:01:20,1580,"174 - Paseo de las Yeserias, 45","Paseo de Yeserias n. 45,",-3.7065258846557603,40.39742958306358,27,27,16,11,0,1
2025-04-13 03:01:20,1581,175 - Jaime el Conquistador - Divino Valles,"Calle Jaime el Conquistador n. 30,",-3.6983445200000005,40.3962264,19,20,20,0,0,1
2025-04-13 03:01:20,1583,177 - Metro Legazpi,"Calle Bolivar n. 3,",-3.6941876374343896,40.391447085678806,23,23,11,12,0,1
2025-04-13 03:01:20,1584,178 - Junta Municipal Distrito de Retiro,"Calle Leon Gil de Palacio n. 1,",-3.6788343,40.4029202,24,25,25,0,0,1
2025-04-13 03:01:20,1585,179 - Metro Puente de Vallecas,"Avenida de la Albufera n. 6,",-3.6692724000000005,40.3979273,24,23,16,7,0,1
2025-04-13 03:01:20,1586,180 - Estacion Sur Mendez Alvaro B,"Calle Retama (esquina con calle Acanto),",-3.67589,40.3940423,23,23,5,18,0,1
2025-04-13 03:01:20,1587,181 - Ibiza - Narvaez,"Calle Ibiza n. 16,",-3.6764435404754696,40.41816932665331,27,28,6,22,0,1
2025-04-13 03:01:20,1588,182 - Parque Roma,"Alcalde Sainz de Baranda (esquina con calle de Juan Espladiu),",-3.6657776999999996,40.4186666,23,24,10,14,0,1
2025-04-13 03:01:20,1589,183 - Hermosilla - Doctor Esquerdo,"Calle Hermosilla, 135,",-3.6693389999999995,40.425635,23,22,3,19,0,1
2025-04-13 03:01:20,1590,"184 - Marques de Zafra, 24","Paseo del Marques Zafra, 24 ,",-3.6653055,40.426,24,20,16,4,0,1
2025-04-13 03:01:20,1591,185 - Parque Quinta de la Fuente del Berro,"Calle Sancho Davila, 35 ,",-3.6615277000000006,40.4250833,24,24,10,14,0,1
2025-04-13 03:01:20,1592,143 - Diego de Leon - General Pardinas,"Calle de Diego de Leon, 54 ,",-3.6780802000000006,40.434676,23,23,1,22,0,1
2025-04-13 03:01:20,1594,188 - Puente de Ventas,"Avenida de Daroca, 2 ,",-3.6590286000000005,40.4312562,27,27,6,21,0,1
2025-04-13 03:01:20,1595,189 - Virgen de la Alegria,"Calle Virgen de la Alegria, 18,",-3.6554918000000005,40.4351256,23,27,26,1,0,1
2025-04-13 03:01:20,1596,190 - Velazquez - Diego de Leon,"Calle Velazquez, 91 ,",-3.6833753,40.4343053,23,23,5,18,0,1
2025-04-13 03:01:20,1597,191 - Metro Diego de Leon,"Calle de Alfonso Heredia, 2 ,",-3.6740777840614403,40.434569387142616,19,20,5,15,0,1
2025-04-13 03:01:20,1598,192 - Avda. de los Toreros - Fco. Silvela,"Avenida de los Toreros, 3 ,",-3.6714677183853106,40.431826464468664,27,27,20,7,0,1
2025-04-13 03:01:20,1599,193 - Plaza de las Ventas,"Avenida De los Toreros, 49 ,",-3.6655555,40.4324722,27,27,10,17,0,1
2025-04-13 03:01:20,1601,195 - Indalecio Hernandez - Mataelpino,"Calle Mataelpino, 1 ,",-3.6754444,40.4392222,24,23,0,23,0,1
2025-04-13 03:01:20,1602,196 - Metro Prosperidad,"Calle Suero de Quinones, 4 ,",-3.6752218,40.4442237,27,27,13,14,0,1
2025-04-13 03:01:20,1603,197 - Parque de Berlin,"Avenida de Concha Espina, 36 ,",-3.677916,40.4516059,23,23,2,21,0,1
2025-04-13 03:01:20,1605,"199 - Fernando el Catolico, 61","Calle Fernando el Catolico, 61 ,",-3.7149166,40.4343611,27,26,4,22,0,1
2025-04-13 03:01:20,1606,200 - Metro Quevedo,"Glorieta de Quevedo, 4 ,",-3.7045789811585412,40.43375360585919,24,29,19,10,0,1
2025-04-13 03:01:20,1607,201 - Metro Canal,"Calle Jose Abascal, 2 ,",-3.7038332999999994,40.4386944,23,22,3,19,0,1
2025-04-13 03:01:20,1608,202 - Parque de Santander,"Calle de Santander, 1 ,",-3.7083,40.4413,27,25,4,21,0,1
2025-04-13 03:01:20,1609,203 - General Ampudia - San Francisco Sales,"Calle General de Ampudia 2,",-3.7144722,40.44175,24,24,7,17,0,1
2025-04-13 03:01:20,1610,204 - Doctor Santero - Bravo Murillo,"Calle Doctor Santero, 1 ,",-3.7040397,40.4476488,23,23,7,16,0,1
2025-04-13 03:01:20,1611,205 - Metro Estrecho,"Calle Navarra, 1 ,",-3.7032776999999997,40.4535,23,23,2,21,0,1
2025-04-13 03:01:20,1612,206 - Metro Tetuan,"Calle Marques de Viana, 3 ,",-3.698915521426396,40.4607466894426,23,22,9,13,0,1
2025-04-13 03:01:20,1613,207 - Plaza de la Remonta,"Calle Azucenas, 2 ,",-3.6973352000000004,40.4630443,19,19,1,18,0,1
2025-04-13 03:01:20,1615,209 - Plaza de Castilla - Fundacion Canal,"Plaza de Castilla, 9 ,",-3.6887000000000003,40.4657,23,23,2,21,0,1
2025-04-13 03:01:20,1617,211 - Desengano - Valverde,"Calle de el Desengano, 4 ,",-3.70239,40.42059,23,22,0,22,0,1
2025-04-13 03:01:20,1619,213 - Glorieta de Cadiz,"Calle de Antonio Lopez, 129 ,",-3.7002247,40.3889918,23,30,28,2,0,1
2025-04-13 03:01:20,1620,214 - Condesa de Venadito - Albacete,"Calle Condesa de Venadito, 2 ,",-3.6569031,40.4434316,24,24,6,18,0,1
2025-04-13 03:01:20,1621,215 - Gutierre de Cetina - Ascao,"Calle Gutierre de Cetina, 77 ,",-3.6408092999999995,40.429588,23,22,11,11,0,1
2025-04-13 03:01:20,1622,216 - Plaza de Puerta del Angel,"Plaza Puerta del Angel, 3 ,",-3.72897,40.4141,27,25,16,9,0,1
2025-04-13 03:01:20,1623,217 - Hospital Universitario La Paz,"Calle Pedro Rico, 4 ,",-3.6890757999999995,40.480884,23,22,4,18,0,1
2025-04-13 03:01:20,1625,219 - Camino de los Vinateros B,"Camino de los Vinateros, 108 ,",-3.6467337999999994,40.4083593,18,28,26,2,0,1
2025-04-13 03:01:20,1626,220 - Plaza del Encuentro,"Calle Arroyo de las Pilillas, 2 ,",-3.651384,40.406156,24,23,15,8,0,1
2025-04-13 03:01:20,1627,221 - Metro Pavones,"Calle Hacienda de Pavones, 148 ,",-3.6347444787322485,40.400492026660594,23,23,13,10,0,1
2025-04-13 03:01:20,1628,222 - Eugenio Caxes - Antonio Lopez,"Calle Eugenio Caxes, 14 ,",-3.7026789,40.3917871,23,29,27,2,0,1
2025-04-13 03:01:20,1629,223 - Ermita del Santo,"Paseo de la Ermita del Santo, 48 ,",-3.724576,40.406448,27,26,12,14,0,1
2025-04-13 03:01:20,1630,224 - Parque de Caramuel,"Calle Caramuel, 51 ,",-3.7287000000000003,40.409,27,27,13,14,0,1
2025-04-13 03:01:20,1631,225 - Sierra Toledana - Doctor Lozano,"Calle Sierra Toledana, 33 ,",-3.660345,40.402506,24,30,19,11,0,1
2025-04-13 03:01:20,1632,226 - Sierra Toledana - Camino de Valderribas,"Camino Valderribas, 94 ,",-3.6607768678037744,40.39901531507069,23,27,27,0,0,1
2025-04-13 03:01:20,1634,228 - San Delfin - Antonio Lopez,"Calle San Delfin, 10 ,",-3.7080429728445568,40.39440607959559,18,18,8,10,0,1
2025-04-13 03:01:20,1635,229 - Centro Deportivo Municipal Concepcion,"Calle Jose del Hierro, 6 ,",-3.6486508,40.4369378,23,23,22,1,0,1
2025-04-13 03:01:20,1636,230 - Carlota O Neill - Agastia,"Calle Carlota O'Neill, 30-32 ,",-3.6488254,40.4436792,24,24,12,12,0,1
2025-04-13 03:01:20,1637,231 - Derechos Humanos - Verdaguer y Garcia,"Calle Derechos Humanos, 14 ,",-3.6557193,40.4398283,24,24,6,18,0,1
2025-04-13 03:01:20,1638,232 - Jose Maria de Pereda - Alcala,"Calle De Jose Maria Pereda, 1 ,",-3.6486169000000004,40.4327663,27,27,11,16,0,1
2025-04-13 03:01:20,1640,234 - Metro La Elipa,"Avenida Marques de Corbera, 52 ,",-3.6510917000000003,40.4261278,24,23,12,11,0,1
2025-04-13 03:01:20,1641,235 - Sodio - Embajadores,"Calle del Sodio, 1B ,",-3.691076,40.389041,23,23,21,2,0,1
2025-04-13 03:01:20,1642,236 - Paseo Imperial,"Paseo Imperial, 31 ,",-3.7170785,40.4075794,27,27,23,4,0,1
2025-04-13 03:01:20,1644,"238 - San German, 5","CalleSan German, 5 ,",-3.6932611,40.4561825,24,24,12,12,0,1
2025-04-13 03:01:20,1645,239 - Francos Rodriguez - Jose Calvo,"Calle de Francos Rodriguez, 62 ,",-3.7078331000000007,40.4567132,23,23,6,17,0,1
2025-04-13 03:01:20,1646,240 - Brasilia - Parque Breogan,"Avenida De Brasilia, 9 ,",-3.66096,40.43666,23,22,17,5,0,1
2025-04-13 03:01:20,1647,241 - Camilo Jose Cela,"Calle Camilo Jose Cela, 27,",-3.6677899999999997,40.4378,23,23,8,15,0,1
2025-04-13 03:01:20,1648,242 - Metro Parque de las Avenidas,"Avenida De Bruselas, 56 ,",-3.6629280000000004,40.439513,23,23,2,21,0,1
2025-04-13 03:01:20,1649,243 - Cartagena,"Calle Cartagena, 37,",-3.6701200000000003,40.43503,23,23,10,13,0,1
2025-04-13 03:01:20,1650,244 - Hospital Clinico San Carlos,"Calle Isaac Peral, 42 ,",-3.71757,40.44003,23,22,1,21,0,1
2025-04-13 03:01:20,1651,245 - Galileo - Donoso Cortes,"Calle Galileo, 63 ,",-3.7101381,40.4363637,24,24,15,9,0,1
2025-04-13 03:01:20,1652,246 - Metro Iglesia,"Calle de Santa Engracia, 85-87 ,",-3.699248472404664,40.43595788149785,27,25,12,13,0,1
2025-04-13 03:01:20,1653,247 - Zurbano - Jose Abascal,"Calle de Zurbano, 90 ,",-3.69281,40.43837,23,23,8,15,0,1
2025-04-13 03:01:20,1654,248 - Sinesio Delgado - Cuatro Torres ,"Calle de Sinesio Delgado, 2 ,",-3.6879973,40.4743209,27,27,9,18,0,1
2025-04-13 03:01:20,1655,249 - Castellana - Cuatro Torres,"Paseo de la Castellana, 298 ,",-3.6853186000000004,40.4795018,24,24,11,13,0,1
2025-04-13 03:01:20,1656,250 - Serrano - CSIC,"Calle Serrano, 111 ,",-3.6858096,40.4406491,27,26,16,10,0,1
2025-04-13 03:01:20,1657,251 - Santa Hortensia - Corazon de Maria,"Calle Santa Hortensia, 31 ,",-3.66683,40.44421,23,23,15,8,0,1
2025-04-13 03:01:20,1659,253 - Doctor Fleming - Estadio S. Bernabeu,"Calle del Doctor Fleming, 7 ,",-3.6884400000000004,40.45546,19,19,2,17,0,1
2025-04-13 03:01:20,1660,254 - Plaza del Peru,"Avenida De Pio XII, 3 ,",-3.6765599999999994,40.461,23,24,8,16,0,1
2025-04-13 03:01:20,1661,255 - General Lopez Pozas - Apolonio Morales,"Calle General Lopez pozas, 2 ,",-3.685292,40.46361,23,22,6,16,0,1
2025-04-13 03:01:20,1662,256 - Reina Victoria - Beatriz de Bobadilla,"Calle Beatriz de Bobadilla, 4 ,",-3.7138299999999997,40.44635,23,22,3,19,0,1
2025-04-13 03:01:20,1663,257 - Ciudad Universitaria - INEF,"Avenida Juan Herrera, 1 ,",-3.7305269999999995,40.438873,23,25,25,0,0,1
2025-04-13 03:01:20,1664,258 - Metro Ciudad Universitaria A,"Ciudad Universitaria, 1 ,",-3.7269389999999993,40.444311,24,24,13,11,0,1
2025-04-13 03:01:20,1665,259 - Metro Ciudad Universitaria B,"Ciudad Universitaria, 2 ,",-3.726752004160312,40.44270528449462,19,18,1,17,0,1
2025-04-13 03:01:20,1666,260 - Ciudad Universitaria - Fac. de Biologia,"Facultad de Biologia,",-3.7272945,40.4483322,24,24,2,22,0,1
2025-04-13 03:01:20,1667,261 - Ciudad Universitaria - Facultad Derecho,"Avenida Complutense, 21 ,",-3.7296756,40.4505516,23,22,9,13,0,1
2025-04-13 03:01:20,1951,384 - Metro Usera,"Calle Amparo Usera, 46 ,",-3.7061449,40.38707469,23,0,0,0,0,1
2025-04-13 03:01:20,1952,388 - Estacion tren - Hospital 12 de Octubre,"Calle Doctor Tolosa Latour, 7 ,",-3.7004147799999996,40.37837955,23,28,22,6,0,1
2025-04-13 03:01:20,1953,385 - Estacion de tren Orcasitas,"Calle Campotejar , 25,",-3.7038867099999995,40.36721104,23,21,13,8,0,1
2025-04-13 03:01:20,1954,"387 - Isabelita Usera, 44","Calle Isabelita Usera, 44 ,",-3.7077397199999997,40.38272256,23,27,21,6,0,1
2025-04-13 03:01:20,1955,383 - Metro San Fermin-Orcasur,"Avenida de la Perla, 35,",-3.6939702000000003,40.3700017,23,23,18,5,0,1
2025-04-13 03:01:20,1956,"386 - Avenida de los Poblados, 130","Avenida de los Poblados, 130,",-3.7133152099999998,40.37347443,23,26,20,6,0,1
2025-04-13 03:01:20,1957,476 - Metro Avenida de la Paz,"Avenida Ramon y Cajal, 101,",-3.662016,40.453493,23,21,11,10,0,1
2025-04-13 03:01:20,1958,477 - Metro Ciudad Lineal,"Calle de los Misterios, 2 ,",-3.6389040000000006,40.438278,23,23,2,21,0,1
2025-04-13 03:01:20,1959,478 - Jose del Hierro - Misterios,"Calle Jose del Hierro esquina con Arturo Soria ,",-3.6410572000000005,40.44152084,23,23,9,14,0,1
2025-04-13 03:01:20,1960,479 - Metro Arturo Soria,"Calle de Angel Munoz, 1,",-3.655837131282797,40.45478362295884,27,27,8,19,0,1
2025-04-13 03:01:20,1961,480 - Vicente Muzas - Arturo Soria,"Calle Vicente Muzas, 13 ,",-3.6604425500000004,40.45903315,23,22,4,18,0,1
2025-04-13 03:01:20,1963,554 - Metro El Capricho,"Calle de Velero, 16 ,",-3.5940999999999996,40.453,27,26,22,4,0,1
2025-04-13 03:01:20,1964,"284 - Avenida de Burgos, 17","Avda. de Burgos, 17 ,",-3.6757900294303902,40.473593878889254,23,23,16,7,0,1
2025-04-13 03:01:20,1965,482 - Metro Pueblo Nuevo,"Campuzano, 1,",-3.6423386,40.4356873,23,23,12,11,0,1
2025-04-13 03:01:20,1966,483 - Marcelino Alvarez - Daroca,"Calle Marcelino Alvarez, 31 ,",-3.6534324,40.4297428,23,23,5,18,0,1
2025-04-13 03:01:20,1967,484 - Metro Garcia Noblejas,"Calle Luis Campos, 3,",-3.6323890000000003,40.42893071,23,23,5,18,0,1
2025-04-13 03:01:20,1968,523 - Carretera de Canillas,"Calle Carretera de Canillas, 40,",-3.65089253,40.4628701,23,23,3,20,0,1
2025-04-13 03:01:20,1969,285 - Santa Maria Magdalena - La Dracena,"Calle Santa Maria Magdalena, 15 ,",-3.6706,40.4631,23,23,2,21,0,1
2025-04-13 03:01:20,1970,286 - Plaza Duque de Pastrana ,"Plaza Duque de Pastrana, 2 ,",-3.6778999999999997,40.4679,23,23,1,22,0,1
2025-04-13 03:01:20,1971,287 - Metro Bambu,"Calle de la Yuca, 1,",-3.6762,40.4765,23,23,7,16,0,1
2025-04-13 03:01:20,1972,288 - Caidos de la Division Azul,"Calle Caidos de la Division Azul, 28 ,",-3.6723,40.4664,23,22,1,21,0,1
2025-04-13 03:01:20,1973,524 - Glorieta Luis Rosales,"Glorieta de Luis Rosales (esquina con Lopez De Hoyos) ,",-3.6542999999999997,40.4673,23,22,13,9,0,1
2025-04-13 03:01:20,1975,"455 - Luis de Hoyos Sainz,  198","Luis de Hoyos Sainz, 198,",-3.6292746499999997,40.400094,23,22,6,16,0,1
2025-04-13 03:01:20,1976,"456 - Encomienda de Palacios, 8","Encomienda de Palacios, 8,",-3.6464000000000003,40.4005,23,25,25,0,0,1
2025-04-13 03:01:20,1977,416 - Ramirez Tome,"Calle Ramirez Tome, 33 ,",-3.645973936176305,40.38875618103898,27,26,4,22,0,1
2025-04-13 03:01:20,1978,"417 - Romeo y Julieta, 13","Calle Romeo y Julieta, 13 ,",-3.6621756300000006,40.37873799,27,26,24,2,0,1
2025-04-13 03:01:20,1979,418 - Puerto de Arlaban - San Diego,"Calle Puerto de Arlaban, 83 ,",-3.6674999999999995,40.3864,27,44,44,0,0,1
2025-04-13 03:01:20,1980,496 - Cronos,"Calle Cronos, 57 ,",-3.6194333,40.4384695,27,27,23,4,0,1
2025-04-13 03:01:20,1982,498 - Metro Torre Arias,"Calle Alcala, 546,",-3.6178316999999995,40.44313349999999,27,25,22,3,0,1
2025-04-13 03:01:20,1983,499 - Biblioteca Publica Municipal Canillejas,"Calle Alcala, 590,",-3.6121996,40.4466561,23,24,16,8,0,1
2025-04-13 03:01:20,1984,"500 - Aracne, 17","Calle Aracne, 17,",-3.5895,40.445,27,27,7,20,0,1
2025-04-13 03:01:20,1985,497 - Metro Suances,"Calle Alcala, 506,",-3.6274,40.4407,23,22,0,22,0,1
2025-04-13 03:01:20,1988,350 - Ervigio - Amalarico,"Calle Ervigio, 22 ,",-3.7315,40.3947,23,20,6,14,0,1
2025-04-13 03:01:20,1989,389 - Julio Merino - Pilarica,"Calle Julio Merino, 5 ,",-3.7032,40.3831,23,24,22,2,0,1
2025-04-13 03:01:20,1990,390 - Avena - Mijo,"Calle avena, 10 ,",-3.7159000000000004,40.3773,23,22,12,10,0,1
2025-04-13 03:01:20,1991,"556 - Cantabria, 6","Avenida de Cantabria, 6,",-3.5877220100000002,40.45462514,24,23,10,13,0,1
2025-04-13 03:01:20,1992,555 - Parque del Capricho,"Paseo de la Alameda de Osuna, 48,",-3.5981217100000005,40.45476837,27,27,4,23,0,1
2025-04-13 03:01:20,1993,485 - Francisco Villaespesa - Ledesma,"Calle Francisco Villaespesa, 37 ,",-3.6464629,40.4293263,23,22,13,9,0,1
2025-04-13 03:01:20,1995,295 - Hernani - Edgar Neville,"Calle Hernani, 59 ,",-3.6972000000000005,40.4481,23,23,2,21,0,1
2025-04-13 03:01:20,1996,296 - Costa Verde,"Calle de la Costa Verde, 25-23 ,",-3.696862,40.469477,23,23,14,9,0,1
2025-04-13 03:01:20,1998,323 - Centro Deportivo Municipal Gallur,"Calle Gallur, 5,",-3.7359,40.3984,23,21,4,17,0,1
2025-04-13 03:01:20,1999,324 - Metro Lucero,"Calle de las Higueras, 49,",-3.7450961521148636,40.40457132475174,23,21,20,1,0,1
2025-04-13 03:01:20,2000,"457 - Hacienda de Pavones, 148","Hacienda de Pavones, 148,",-3.6419,40.4026,23,26,26,0,0,1
2025-04-13 03:01:20,2001,432 - Maquinilla - Tranvia Blanco,"Calle de la Maquinilla, 8-10 ,",-3.6364842400000006,40.38078101,24,24,6,18,0,1
2025-04-13 03:01:20,2002,298 - Marques de Viana - Bellver,"Calle Marques de Viana, 85 ,",-3.704478,40.463643,19,19,19,0,0,1
2025-04-13 03:01:20,2003,437 - Metro Sierra de Guadalupe,"Calle Sierra de Guadalupe, 11 ,",-3.6237645700000005,40.38135158,27,27,12,15,0,1
2025-04-13 03:01:20,2004,358 - Verdad,"Calle de la Verdad, 29,",-3.7171600000000002,40.391787,23,23,5,18,0,1
2025-04-13 03:01:20,2006,492 - Metro La Almudena,"Fernando Gabriel, 2 ,",-3.6394989099999995,40.42466356,24,24,13,11,0,1
2025-04-13 03:01:20,2007,322 - Ps. Jesuitas - Mercado Alto Extremadura,"Paseo de los Jesuitas, 69 ,",-3.7350999999999996,40.408,27,26,19,7,0,1
2025-04-13 03:01:20,2008,392 - Metro Almendrales,"Avenida Cordoba, enfrente n. 21 ,",-3.697856,40.38268,23,27,27,0,0,1
2025-04-13 03:01:20,2009,"420 - Candilejas, 5","Calle Candilejas, 5 ,",-3.6630038299999996,40.38263599,23,24,20,4,0,1
2025-04-13 03:01:20,2010,419 - Estacion de tren de El Pozo,"Calle Puerto de Balbaran, 10,",-3.655868,40.3762374,27,26,16,10,0,1
2025-04-13 03:01:20,2011,439 - Cabeza Mesada - Parque de Valdeperdices,"Calle Cabeza de Mesada, 5,",-3.6294129999999996,40.37647902,27,27,25,2,0,1
2025-04-13 03:01:20,2012,398 - Orovilla - Felicidad,"Avenida de Orovilla, 53,",-3.6895,40.3587,27,27,14,13,0,1
2025-04-13 03:01:20,2014,571 - Melchor Fernandez Almagro - Plaza Tuy,"Calle Melchor Fernandez Almagro, 80,",-3.710326199999999,40.4756475,23,23,23,0,0,1
2025-04-13 03:01:20,2015,"304 - Valle de Mena, 5","Calle Valle de Mena, 5,",-3.7152724500000005,40.46962735,23,23,13,10,0,1
2025-04-13 03:01:20,2017,268 - Metro Arganzuela-Planetario,"Calle del Cobre, 6 ,",-3.689031463575172,40.39338327980599,23,28,27,1,0,1
2025-04-13 03:01:20,2020,306 - Centro Deportivo Mpal Fernando Martin,"Avenida Del Santo Angel de la Guarda, 6 ,",-3.7121965,40.4617959,23,23,10,13,0,1
2025-04-13 03:01:20,2021,486 - Serrano Galvache - Arturo Soria,"Calle Serrano Galvache 1,",-3.6679379,40.471382,23,23,5,18,0,1
2025-04-13 03:01:20,2022,502 - Puertollano - Veinticinco de Septiembre,"Calle de Puertollano, 4-2 ,",-3.6237372,40.4425157,23,23,13,10,0,1
2025-04-13 03:01:20,2023,462 - Gallegos - Lavadero Viejo,"Calle Gallegos 27,",-3.6102747000000006,40.40240379,27,26,11,15,0,1
2025-04-13 03:01:20,2024,421 - Arroyo del Olivar - Buenos Aires,"Calle Arroyo del Olivar, 63,",-3.653269,40.388435,24,23,19,4,0,1
2025-04-13 03:01:20,2025,487 - Manuel Uribe - Arturo Soria,"Calle Manuel Uribe, 1,",-3.66503419,40.46434131,23,23,8,15,0,1
2025-04-13 03:01:20,2026,"422 - Travesia de Palomeras, 7","422 - Travesia de Palomeras, 7,",-3.6705179,40.39017003,24,31,29,2,0,1
2025-04-13 03:01:20,2027,423 - Estacion de tren Asamblea de Madrid,"Avenida de Entrevias, 56,",-3.6685501300000003,40.38138801,24,31,28,3,0,1
2025-04-13 03:01:20,2028,"424 - Camino de Valderribas, 47","Camino de Valderribas, 47,",-3.663958,40.4002231,24,24,22,2,0,1
2025-04-13 03:01:20,2029,425 - Ramon Perez Ayala - Pque. Cerro Tio Pio,"Calle Ramon Perez de Ayala, 40,",-3.65381017,40.40003472,24,25,5,20,0,1
2025-04-13 03:01:20,2030,426 - Humanes - Benjamin Palencia,"Calle Humanes, 3,",-3.64932678,40.3952121,24,23,8,15,0,1
2025-04-13 03:01:20,2031,"427 - Andaluces, 2","Calle de los Andaluces, 2,",-3.64148304,40.3914244,24,23,15,8,0,1
2025-04-13 03:01:20,2032,428 - Estadio de Vallecas,"Avenida La Albufera, 136 ,",-3.6570999999999994,40.3919,24,23,6,17,0,1
2025-04-13 03:01:20,2033,"393 - Manuel Noya , 29","Calle Manuel Noya, 29 ,",-3.7117979,40.3853787,24,25,18,7,0,1
2025-04-13 03:01:20,2034,489 - Serrano Galvache - Yerma,"Serrano Galvache, 56,",-3.67144504,40.47675257,24,23,5,18,0,1
2025-04-13 03:01:20,2035,490 - Hnos.Garcia Noblejas-FcoLargo Caballero,"Calle Hermanos Garcia Nobleza (esquina Plaza del Reloj Solar) ,",-3.62888094,40.42427523,24,24,5,19,0,1
2025-04-13 03:01:20,2036,"488 - Ricardo Ortiz, 33","Calle Ricardo Ortiz, 33,",-3.6579643900000005,40.42657032,24,24,24,0,0,1
2025-04-13 03:01:20,2037,525 - Metro Manoteras,"Calle Bacares, 20 ,",-3.6626902900000005,40.47675499,24,24,12,12,0,1
2025-04-13 03:01:20,2039,503 - Zaldivar - Valdecanillas,"Calle Zaldivar, 19 ,",-3.62650373,40.43209033,24,24,18,6,0,1
2025-04-13 03:01:20,2040,404 - Junta Municipal Distrito de Villaverde,"Calle Arroyo Bueno, 53 ,",-3.7109850000000004,40.349111,27,27,16,11,0,1
2025-04-13 03:01:20,2041,"353 - Mercedes Arteaga, 21","Calle Mercedes Arteaga, 21,",-3.7222175704754585,40.39251608002938,24,23,22,1,0,1
2025-04-13 03:01:20,2042,355 - Intercambiador de Plaza Eliptica,"Calle de la Via, 56 ,",-3.7182338,40.3854641,24,31,25,6,0,1
2025-04-13 03:01:20,2043,326 - Metro Alto de Extremadura,"Calle Francisco Tejada, 1 ,",-3.739615781020349,40.40937950320982,24,25,20,5,0,1
2025-04-13 03:01:20,2044,"327 - El Greco, 27 - C. Cultural El Greco","Calle El Greco, 27 ,",-3.7472615299999994,40.40741199,24,24,2,22,0,1
2025-04-13 03:01:20,2046,459 - Moratalaz,"Avenida Moratalaz, 33 ,",-3.66000272,40.40750626,24,23,7,16,0,1
2025-04-13 03:01:20,2047,461 - Plaza Corregidor Ldo. Antonio de Mena,"Corregidor licenciado Antonio de Mena, sn,",-3.6408,40.4099,24,25,25,0,0,1
2025-04-13 03:01:20,2048,356 - Portalegre - Tinamus,"Calle Portalegre, 9 ,",-3.72364769,40.38937686,24,23,10,13,0,1
2025-04-13 03:01:20,2050,573 - Melchor Fernandez Almagro - Villa Marin,"Calle Melchor Fernandez Almagro, 16,",-3.69962571,40.47772776,24,24,5,19,0,1
2025-04-13 03:01:20,2051,575 - Metro Barrio del Pilar,"Ginzo de Limia, 36,",-3.703526,40.47817,24,23,2,21,0,1
2025-04-13 03:01:20,2052,574 - Chantada,"Calle Chantada, 14,",-3.7106779999999997,40.472695,24,24,23,1,0,1
2025-04-13 03:01:20,2053,440 - Metro Villa de Vallecas,"Paseo de Federico Garcia Lorca, 2 ,",-3.62144691,40.3795035,18,19,15,4,0,1
2025-04-13 03:01:20,2054,507 - Seis - Sexta,"Calle Seis (esquina con Avenida Quinta),",-3.5965029500000005,40.44845033,24,24,3,21,0,1
2025-04-13 03:01:20,2055,299 - Rosario Pino - Joan Maragall,"Calle Rosario Pino, 17 ,",-3.6919324599999994,40.46204955,24,23,12,11,0,1
2025-04-13 03:01:20,2057,301 - Muller - Capitan Blanco Argibay,"Calle Muller, 34 ,",-3.69837565,40.46518187,24,24,4,20,0,1
2025-04-13 03:01:20,2059,"396 - Gran Avenida, 27","Gran Avenida, 27,",-3.70760649,40.36997711,24,25,25,0,0,1
2025-04-13 03:01:20,2060,"394 - Periana, 24","Calle Periana, 24 ,",-3.6876580500000005,40.36672327,24,27,27,0,0,1
2025-04-13 03:01:20,2061,397 - Centro Deportivo Municipal Orcasur,"Calle Moreja, 30 ,",-3.6983803799999997,40.36809336,24,23,9,14,0,1
2025-04-13 03:01:20,2062,399 - Bohemios - Gigantes y Cabezudos,"Calle Bohemios, 1 ,",-3.6939009999999994,40.356536,24,24,15,9,0,1
2025-04-13 03:01:20,2063,430 - Torremolinos - Rafael Alberti,"Calle Torremolinos, 1 ,",-3.6417899899999995,40.38500948,24,24,13,11,0,1
2025-04-13 03:01:20,2064,269 - Ariel - Parque Enrique Tierno Galvan,"Calle Ariel, 11 ,",-3.6797017663398797,40.393023802369754,24,26,23,3,0,1
2025-04-13 03:01:20,2065,491 - Esteban Collantes - Jose Arcones Gil,"Calle Esteban Collantes 63,",-3.6376629999999994,40.432883,24,24,11,13,0,1
2025-04-13 03:01:20,2066,527 - Velacho Alto - Trinquete,"Calle Velacho Alto, 4-16 ,",-3.6592688399999997,40.47250314,24,24,1,23,0,1
2025-04-13 03:01:20,2067,526 - Plaza del Liceo,"Plaza del Liceo (esquina con Calle Silvano) ,",-3.64441924,40.45754368,24,24,11,13,0,1
2025-04-13 03:01:20,2068,"431 - Puerto Canfranc, 18","Calle Estacion de Canfrac, 18 ,",-3.6634,40.3969,24,24,10,14,0,1
2025-04-13 03:01:20,2069,429 - Carlos M. Alvarez - Javier de Miguel,"Calle Carlos Martin Alvarez, 38 ,",-3.6635,40.3895,23,27,24,3,0,1
2025-04-13 03:01:20,2070,357 - Sorbe - Baleares,"Calle del Sorbe , 20,",-3.7132091699999994,40.3898701,24,24,11,13,0,1
2025-04-13 03:01:20,2071,270 - Teresa L. Valcarcel - Tte. Cnel. Norena,"Calle Teresa Lopez Valcarcel (esquina calle Teniente Coronel Norena),",-3.69328771,40.38862908,24,25,18,7,0,1
2025-04-13 03:01:20,2072,493 - Arturo Soria - San Luis,"Calle Arturo Soria (esquina con calle Jazmin),",-3.6684167,40.47636724,23,23,5,18,0,1
2025-04-13 03:01:20,2073,"433 - Villalobos, 28","Calle Villalobos, 28 ,",-3.6507603700000004,40.38161669,24,28,27,1,0,1
2025-04-13 03:01:20,2074,436 - Campus Sur UPM,"Calle Alan Turing, 2 ,",-3.62713659,40.3901675,23,23,14,9,0,1
2025-04-13 03:01:20,2075,434 - Charleroi - Cocheron de la Villa,"Calle Charleroi, 1 ,",-3.6321937200000005,40.38191654,24,28,23,5,0,1
2025-04-13 03:01:20,2076,506 - Albarracin - Julian Camarillo,"Calle Albarracin, sn,",-3.6325164100000005,40.43397327,24,24,6,18,0,1
2025-04-13 03:01:20,2078,435 - San Claudio,"Calle San Claudio, 150 ,",-3.63953994,40.38902883,24,24,4,20,0,1
2025-04-13 03:01:20,2081,"463 - Casalarreina, 18","Calle Casalarreina, 18,",-3.612318798052458,40.40939089860396,24,23,6,17,0,1
2025-04-13 03:01:20,2082,464 - Univ. Rey Juan Carlos - Campus Madrid,"Avenida de Daroca 321,",-3.61283416,40.40634029,24,24,1,23,0,1
2025-04-13 03:01:20,2083,400 - Metro Ciudad de los Angeles,"Paseo de los Gigantes y Cabezudos, 4,",-3.69399661,40.36064659,24,26,23,3,0,1
2025-04-13 03:01:20,2084,307 - Metro Valdezarza,"Calle San Restituto, 74,",-3.71693008,40.46588016,24,24,2,22,0,1
2025-04-13 03:01:20,2085,303 - Ps. Direccion A - Pque A. Rguez Sahagun,"Paseo de la Direccion, 161,",-3.7080850848120277,40.46778929738312,24,23,10,13,0,1
2025-04-13 03:01:20,2086,"576 - El Ferrol, 18","Avenida El Ferrol, 18,",-3.70510525,40.47431313,24,24,4,20,0,1
2025-04-13 03:01:20,2087,577 - Monforte de Lemos - Plaza de Mondariz,"Avenida de Monforte de Lemos, 103,",-3.70566914,40.47899993,24,24,4,20,0,1
2025-04-13 03:01:20,2088,309 - Ofelia Nieto - Villaamil,"Calle Ofelia Nieto, 75,",-3.7087339999999998,40.462051,24,24,8,16,0,1
2025-04-13 03:01:20,2089,308 - Maria Auxiliadora - Francos Rodriguez,"Calle Maria Auxiliadora, 1 ,",-3.7134614699999995,40.45772941,24,24,6,18,0,1
2025-04-13 03:01:20,2090,510 - Metro Avenida de Guadalajara,"Avenida de Guadalajara, 101,",-3.6134619899999993,40.42218968,24,24,10,14,0,1
2025-04-13 03:01:20,2091,511 - Aquitania 31,"Calle Aquitania, 31,",-3.61726728,40.41912347,27,28,10,18,0,1
2025-04-13 03:01:20,2092,512 - Semilla - Aparejadores,"Calle de los Aparejadores, 24,",-3.61537023,40.42667885,24,25,18,7,0,1
2025-04-13 03:01:20,2093,513 - Centro Deportivo Mpal. Pepu Hernandez,"Avenida de Niza, 9,",-3.6064541399999994,40.4271211,27,27,12,15,0,1
2025-04-13 03:01:20,2094,514 - Maria Sevilla Diago,"Calle Maria Sevilla Diago, 5,",-3.6109507700000005,40.43283006,24,23,16,7,0,1
2025-04-13 03:01:20,2095,"515 - Avenida de Hellin, 13","Avenida de Hellin, 13,",-3.61579967,40.43091667,24,23,19,4,0,1
2025-04-13 03:01:20,2096,359 - El Toboso - Zaida,"Calle de El Toboso, 115,",-3.7363397,40.3929901,23,23,21,2,0,1
2025-04-13 03:01:20,2097,360 - Ntra. Sra. Fatima - Ntra. Sra. de Luz,"Avenida Nuestra Senora de Fatima, 34,",-3.7470882000000003,40.3840155,23,24,12,12,0,1
2025-04-13 03:01:20,2098,361 - Metro Pan Bendito,"Avenida de Abrantes, 106 ,",-3.73266666,40.37734672,23,24,22,2,0,1
2025-04-13 03:01:20,2100,442 - Santa Eugenia - Zazuar,"Avenida de Santa Eugenia con Calle Zauzar,",-3.60463,40.38305936,27,27,9,18,0,1
2025-04-13 03:01:20,2102,"362 - Hilario Herranz Establos, 36","Calle Hilario Herranz Establos , 36,",-3.7266379999999995,40.372839,27,26,14,12,0,1
2025-04-13 03:01:20,2104,290 - Francisco Suarez - Paseo de La Habana,"Calle Francisco Suarez, 28 ,",-3.6799441599999994,40.46437817,23,23,0,23,0,1
2025-04-13 03:01:20,2105,"529 - Lopez de Hoyos , 478","Calle Lopez de Hoyos, 478,",-3.649843,40.47175,23,23,7,16,0,1
2025-04-13 03:01:20,2106,530 - Metro Mar de Cristal,"Calle de los Emigrantes, 15,",-3.6378834900000006,40.4685745,27,27,0,27,0,1
2025-04-13 03:01:20,2108,532 - Metro San Lorenzo,"Avenida Barranquilla, 17 ,",-3.6395164,40.47490194,24,24,2,22,0,1
2025-04-13 03:01:20,2109,"533 - San Luis, 23","Avenida de San Luis, 23,",-3.6551145499999995,40.47148748,23,23,14,9,0,1
2025-04-13 03:01:20,2111,582 - Isla Graciosa - Isla de Java,"Calle de la Isla Graciosa, 2,",-3.6862657,40.49262243,24,24,9,15,0,1
2025-04-13 03:01:20,2112,583 - Angel Mugica - Marcos de Orueta,"Calle de Angel Mugica, 3,",-3.68529048,40.48468297,24,24,2,22,0,1
2025-04-13 03:01:20,2113,584 - Metro Montecarmelo,"Avenida Monasterio de Silos, 63A,",-3.6960334500000003,40.50501029,24,24,6,18,0,1
2025-04-13 03:01:20,2114,585 - Metro Fuencarral,"Calle Molins de Rey, 8,",-3.69374813,40.4954662,24,24,3,21,0,1
2025-04-13 03:01:20,2116,"534 - Mesena, 102","Calle Mesena, 102 ,",-3.6634063399999994,40.46772408,24,23,8,15,0,1
2025-04-13 03:01:20,2117,273 - Delicias - General Lacy,"Calle de las Delicias, 41 ,",-3.6909183100000003,40.40381914,19,19,14,5,0,1
2025-04-13 03:01:20,2118,587 - Metro Paco de Lucia,"Calle Costa Brava, 14,",-3.7086574400000005,40.49892399,27,27,7,20,0,1
2025-04-13 03:01:20,2119,588 - Campo Calatrava - Rda Ingenioso Hidalgo,"Av. del Campo de Calatrava, 17,",-3.69112254,40.50052161,27,27,9,18,0,1
2025-04-13 03:01:20,2120,589 - Monast. Silos - Monast. Montesclaros,"Avenida Monasterio de Silos, 37,",-3.70290315,40.50340494,24,27,20,7,0,1
2025-04-13 03:01:20,2121,535 - Metro Canillas,"Calle Ramon Power, 2 ,",-3.634999,40.463575,27,27,4,23,0,1
2025-04-13 03:01:20,2122,"328 - Cebreros, 97","Calle de Cebreros, 97 ,",-3.7521916999999996,40.4032379,23,23,12,11,0,1
2025-04-13 03:01:20,2123,329 - Metro Laguna,"Calle Alhambra, 56 ,",-3.7444520800000003,40.3988162,23,22,7,15,0,1
2025-04-13 03:01:20,2124,330 - Duquesa de Parcent - Marcelino Castillo,"Calle Duquesa de Parcent, 14 ,",-3.7447281,40.39500224,23,23,21,2,0,1
2025-04-13 03:01:20,2125,331 - Valmojado,"Calle Valmojado, 53 ,",-3.75757186,40.39649629,24,23,16,7,0,1
2025-04-13 03:01:20,2126,"332 - Los Yebenes, 159","Calle de los Yebenes, 159 ,",-3.75181704,40.39302789,23,28,24,4,0,1
2025-04-13 03:01:20,2127,363 - Metro Oporto,"Avenida de Oporto, 102,",-3.72987333,40.38745087,23,0,0,0,0,1
2025-04-13 03:01:20,2128,364 - Metro Opanel,"Avenida de Oporto, 34,",-3.7237806400000006,40.38550735,23,22,10,12,0,1
2025-04-13 03:01:20,2129,536 - Boj,"Calle de Boj, 5,",-3.6180818,40.4560204,23,22,13,9,0,1
2025-04-13 03:01:20,2130,537 - Plaza Lopez de la Plata,"Avenida de Machupichu, 23,",-3.6257943900000003,40.45841466,27,27,10,17,0,1
2025-04-13 03:01:20,2131,"538 - Haendel, 8","Calle de Haendel, 8,",-3.6253213100000004,40.46275082,27,26,11,15,0,1
2025-04-13 03:01:20,2132,333 - Illescas - Camarena,"Calle Illescas, 80,",-3.7562323,40.392175,23,21,10,11,0,1
2025-04-13 03:01:20,2134,366 - Metro Carabanchel,"Paseo de Marcelino Camacho, 53 ,",-3.7445210000000007,40.387737,23,24,12,12,0,1
2025-04-13 03:01:20,2135,291 - Plaza Jose Maria Soler,"Avenida Alfonso XIII, 113,",-3.66790332,40.45866532,23,23,7,16,0,1
2025-04-13 03:01:20,2136,292 - Centro Deportivo Municipal Pradillo,"Calle Pradillo, 33,",-3.6717937,40.44904126,23,23,9,14,0,1
2025-04-13 03:01:20,2137,494 - Metro Pinar de Chamartin,"Arturo Soria, 332,",-3.666529,40.480694,23,23,2,21,0,1
2025-04-13 03:01:20,2138,516 - Juan Ignacio Luca Tena - Quinta Molinos,"Calle Juan Ignacio Luca de Tena, 13 ,",-3.6311025499999996,40.44796778,27,27,13,14,0,1
2025-04-13 03:01:20,2140,369 - Junta Municipal Distrito de Carabanchel,"Plaza De la Parroquia, 19 ,",-3.7415832000000004,40.3802446,23,27,15,12,0,1
2025-04-13 03:01:20,2141,370 - Avefria - Plaza de Tarifa,"Calle de Avefria, 26,",-3.7308024999999994,40.38386939,23,22,9,13,0,1
2025-04-13 03:01:20,2142,590 - Metro Arroyofresno,"Calle Maria de Maeztu, 50,",-3.72757227,40.49093014,27,27,15,12,0,1
2025-04-13 03:01:20,2143,517 - San Mariano - Circe,"Calle de San Mariano, 52-60 ,",-3.61190481,40.44175279,27,29,25,4,0,1
2025-04-13 03:01:20,2144,518 - Tampico - Plaza Barbados,"Calle Tampico, 71 ,",-3.6353449999999996,40.444569,23,21,14,7,0,1
2025-04-13 03:01:20,2145,"371 - Joaquin Turina, 49","Calle Joaquin Turina, 49,",-3.7618199999999997,40.372458,27,24,17,7,0,1
2025-04-13 03:01:20,2146,"372 - Lonja de la Seda, 33","Calle Lonja de la Seda, 33,",-3.76158263,40.36612215,23,22,17,5,0,1
2025-04-13 03:01:20,2147,373 - Metro La Peseta,"Calle Salvador Allende, 28 ,",-3.75787005,40.36277848,23,21,2,19,0,1
2025-04-13 03:01:20,2149,"375 - Calderilla, 4","Calle Calderilla, 4,",-3.7401776183111735,40.3643847159787,27,25,1,24,0,1
2025-04-13 03:01:20,2150,591 - Metro Mirasierra,"Av.Ventisquero de la Condesa, 37,",-3.7162292099999994,40.49108225,19,17,6,11,0,1
2025-04-13 03:01:20,2151,592 - Estacion de tren de Pitis,"Calle de Gloria Fuertes, 180,",-3.7249527,40.4956969,27,27,15,12,0,1
2025-04-13 03:01:20,2152,376 - Metro Carpetana,"Calle del Pinzon, 111 ,",-3.7405438000000006,40.39229225,24,26,15,11,0,1
2025-04-13 03:01:20,2154,539 - Mota del Cuervo,"Calle Mota del Cuervo, 72 ,",-3.6313571499999995,40.4648762,24,24,18,6,0,1
2025-04-13 03:01:20,2155,334 - Metro Campamento,"Calle Sesena, 93 ,",-3.76815631,40.39497294,24,23,11,12,0,1
2025-04-13 03:01:20,2156,"335 - Cardano, 10","Plaza Patricio, 5 ,",-3.7705754100000006,40.39659757,24,23,18,5,0,1
2025-04-13 03:01:20,2159,379 - Antonia Rodriguez Sacristan - Valeriana,"Calle Antonia Rodriguez Sacristan, 4,",-3.74765739,40.37313777,24,23,2,21,0,1
2025-04-13 03:01:20,2160,495 - Caleruega,"Calle Caleruega, 14 ,",-3.6704759999999994,40.478611,24,24,7,17,0,1
2025-04-13 03:01:20,2161,593 - Metro Avenida de la Ilustracion,"Calle Islas Cies, 27,",-3.7186906700000004,40.48027409,24,24,23,1,0,1
2025-04-13 03:01:20,2162,"594 - Pedro Rico, 49","Calle Pedro Rico, 49,",-3.7039180000000003,40.48194,24,23,0,23,0,1
2025-04-13 03:01:20,2163,595 - Betanzos - Fermin Caballero,"Avenida de Betanzos, 68,",-3.7132206,40.48178815,24,24,6,18,0,1
2025-04-13 03:01:20,2164,596 - Metro Lacoma,"Calle del valle de pinares llanos, 36,",-3.7230042999999995,40.4854829,24,24,15,9,0,1
2025-04-13 03:01:20,2165,540 - Estacion de tren Fuente de la Mora,"Calle Dulce Chacon, S/N ,",-3.6636484,40.4845596,24,24,24,0,0,1
2025-04-13 03:01:20,2166,"336 - Calle Oliva de Plasencia, 1","Calle Oliva de Plasencia, 1,",-3.7791518300000004,40.37850071,24,24,14,10,0,1
2025-04-13 03:01:20,2167,337 - Metro Aluche,"Calle Valmojado, 295,",-3.7604892299999997,40.38614104,18,16,1,15,0,1
2025-04-13 03:01:20,2169,339 - Estacion de tren Las Aguilas,"Avenida de las Aguilas , 110,",-3.78061952,40.38132642,24,24,2,22,0,1
2025-04-13 03:01:20,2170,"597 - Foresta, 8","Calle de la Foresta n.8,",-3.66777681,40.49853277,23,22,2,20,0,1
2025-04-13 03:01:20,2171,445 - C. Deportivo Mpal. Juan de Dios Roman,"Calle Jose Gutierrez Maroto, 36 ,",-3.6050356400000005,40.36334587,27,26,3,23,0,1
2025-04-13 03:01:20,2172,599 - Instalacion Deportiva La Cabrera,"Calle La Cabrera, sn,",-3.7192044300000004,40.47223267,27,29,29,0,0,1
2025-04-13 03:01:20,2173,343 - Metro Aviacion Espanola,"Calle Fuente de Lima, 10,",-3.7833930099999997,40.38358975,23,23,2,21,0,1
2025-04-13 03:01:20,2174,"344 - Ocana, 103","Calle Ocana, 103,",-3.75292035,40.38586273,23,23,16,7,0,1
2025-04-13 03:01:20,2175,"313 - Juan XXIII, 24","Paseo de Juan XXIII, 24,",-3.7169358999999997,40.448084,27,27,3,24,0,1
2025-04-13 03:01:20,2177,315 - Caroli,"Calle de Caroli, 10,",-3.784627,40.45862,23,24,15,9,0,1
2025-04-13 03:01:20,2178,316 - C. Deportivo Mpal. Ciudad De Los Poetas,"Calle Antonio Machado, s/n ,",-3.71995383,40.46439687,19,18,7,11,0,1
2025-04-13 03:01:20,2179,"317 - Antonio Machado, 30","Calle Antonio Machado, 30,",-3.7192171199999997,40.46826955,27,27,5,22,0,1
2025-04-13 03:01:20,2180,345 - Fuente del Tiro - Avd. de las Aguilas,"Calle Fuente del Tiro, 72 ,",-3.7798000999999997,40.38308791,24,24,14,10,0,1
2025-04-13 03:01:20,2182,449 - Metro Congosto,"Calle del Pico Chilegua, 3,",-3.6186910599999997,40.37286701,24,29,27,2,0,1
2025-04-13 03:01:20,2183,"450 - Camino de las Hormigueras, 161","Calle Camino de las Hormigueras, 161,",-3.6370762,40.3762555,24,26,24,2,0,1
2025-04-13 03:01:20,2184,294 - Edificio Torres Blancas,"Calle Clara del Rey, 17 ,",-3.6723389999999996,40.440944,24,24,6,18,0,1
2025-04-13 03:01:20,2185,604 - Metro Las Tablas,"Avenida del Camino de Santiago, 4,",-3.6695521499999995,40.50910428,23,21,13,8,0,1
2025-04-13 03:01:20,2186,348 - Jose de Cadalso - Rafael Finat,"Calle Jose de cadalso, 62 ,",-3.7702477799999996,40.37959145,27,26,9,17,0,1
2025-04-13 03:01:20,2187,438 - Biblioteca Publica Luis Martin Santos,"Calle Enrique Garcia Alvarez, 5,",-3.6140607000000005,40.3804482,27,27,23,4,0,1
2025-04-13 03:01:20,2188,"451 -  La Granja de San Ildefonso, 14","Calle Granja de San Idelfonso, 14 ,",-3.62283116,40.36813427,27,32,30,2,0,1
2025-04-13 03:01:20,2189,"452 - Las Suertes, 15","Avenida de Las Suertes, 15,",-3.6078539000000003,40.3713613,23,21,6,15,0,1
2025-04-13 03:01:20,2190,453 - Metro La Gavia,"Avenida del Ensanche de Vallecas, 9,",-3.61253028,40.37043968,27,29,22,7,0,1
2025-04-13 03:01:20,2191,454 - Gran Via del Sureste - Las Suertes,"Calle Gran Via del Sureste, 22,",-3.5897045000000003,40.3631604,27,26,9,17,0,1
2025-04-13 03:01:20,2205,267 - Paseo de la Chopera - Fernando Poo,"Paseo de la Chopera 31 ,",-3.700399664723874,40.39500000000003,23,23,13,10,0,1
2025-04-13 03:01:20,2207,391 - Junta Municipal Distrito de Usera,"Calle Rafaela Ybarra 22,",-3.711296220901499,40.3817026328731,23,27,27,0,0,1
2025-04-13 03:01:20,2214,580 - Metro Herrera Oria,"c/ Ginzo de Limia, 47,",-3.7069039999999998,40.48337,23,23,0,23,0,1
2025-04-13 03:01:20,2224,150 - Castellana - Hermanos Pinzon,"Paseo de la castellana, 124 ,",-3.6908,40.4491,23,22,0,22,0,1
2025-04-13 03:01:20,2225,157 - Plaza de Cuzco,"Paseo de la Castellana 164 ,",-3.6894151,40.4591366,23,23,8,15,0,1
2025-04-13 03:01:20,2226,"395 - Guetaria, 84B","Calle Guetaria, 84B,",-3.71569102,40.36916772,24,24,14,10,0,1
2025-04-13 03:01:20,2233,548 - Eduardo Mazon - Guadalajara,"Calle Eduardo Mazon, 1 ,",-3.6154156999999993,40.4521484,23,20,15,5,0,1
2025-04-13 03:01:20,2234,293 - Santa Rita - Clara del Rey,"Calle Santa Rita, 1 ,",-3.6682881999999997,40.4457928,23,23,2,21,0,1
2025-04-13 03:01:20,2235,520 - Niza - Plaza de Grecia,"Av/ de Niza, 67 ,",-3.6081157800000003,40.4342806,23,23,13,10,0,1
2025-04-13 03:01:20,2236,509 - Amposta - Arcos de Jalon,"Amposta s/n (esquina Arcos de Jalon),",-3.61865045,40.42218951,23,23,5,18,0,1
2025-04-13 03:01:20,2237,558 - Biblioteca Publica Mpal. Gloria Fuertes,"CalleBahia de Cadiz (cruce con Avenida Logrono) ,",-3.5937120000000005,40.461137,23,28,9,19,0,1
2025-04-13 03:01:20,2239,562 - Tomillar - Tintin y Milu,"Calle Tomillar, 18 ,",-3.5840557299999998,40.46267435,27,27,2,25,0,1
2025-04-13 03:01:20,2240,560 - Playa de Zarauz - Playa de la Caleta,"Calle playa de Zarauz (esquina con Playa de Caleta) ,",-3.5906847,40.4731404,23,27,14,13,0,1
2025-04-13 03:01:20,2241,568 - IFEMA A,"Avenida del Partenon, 6 ,",-3.6178336,40.4632802,27,27,13,14,0,1
2025-04-13 03:01:20,2243,"405 - Paseo Alberto Palacios, 42","Paseo Alberto Palacios, 42,",-3.7129039644180377,40.3449259916087,23,23,16,7,0,1
2025-04-13 03:01:20,2244,401 - Estacion de tren de Villaverde Bajo,"Calle Eduardo Maristany, 7,",-3.6831269999999994,40.353285,27,25,6,19,0,1
2025-04-13 03:01:20,2245,406 - La Nave de Madrid,"Calle Cifuentes, 5,",-3.6960817,40.3486,23,23,9,14,0,1
2025-04-13 03:01:20,2246,"403 - Aunon, 16","Calle Aunon, 16,",-3.6775241999999997,40.3504944,23,22,16,6,0,1
2025-04-13 03:01:20,2247,280 - Ps de los Melancolicos - San Epifanio,"Paseo de los Melancolicos, 73 ,",-3.7185689999999996,40.401782,23,24,17,7,0,1
2025-04-13 03:01:20,2248,367 - Metro San Francisco,"Calle Albox, 35 ,",-3.7398400000000005,40.373972,23,21,5,16,0,1
2025-04-13 03:01:20,2249,325 - Ps. Jesuitas - Pza. Cerro Bermejo,"Paseo de los Jesuitas, 4 ,",-3.7305543000000005,40.4106918,23,23,19,4,0,1
2025-04-13 03:01:20,2250,578 - Sierra de Atapuerca - Viloria de Rioja,"Calle Sierra de Atapuerca, 19,",-3.6704248799999997,40.50292982,23,23,17,6,0,1
2025-04-13 03:01:20,2251,446 - C. Deportivo Mpal. Miguel Guillen Prim,"Calle Puerto de Porzuna, 34,",-3.6236297000000004,40.373826,23,24,18,6,0,1
2025-04-13 03:01:20,2252,"382 -Parque Eugenia de Montijo, 2","Parque Eugenia de Montijo, 2,",-3.7545821999999998,40.3783501,24,24,10,14,0,1
2025-04-13 03:01:20,2254,410 - Est. de tren de S. Cristobal Industrial,"Calle transversal sexta (enfrente del colegio Villamadrid),",-3.6992665,40.3325463,24,21,11,10,0,1
2025-04-13 03:01:20,2255,319 - Valdesangil,"Calle Valdesangil, 34 ,",-3.7166729,40.4684218,24,24,1,23,0,1
2025-04-13 03:01:20,2256,579 - Maria Tubau - Isabel Colbrand,"Calle Maria Tubau, 3 ,",-3.671703587033564,40.51399230680476,24,24,7,17,0,1
2025-04-13 03:01:20,2257,602 - Monasterio Sobrado - Monasterio Silos,"Calle del Monasterio de Sobrado, n.6,",-3.6928369999999995,40.5093225,24,24,3,21,0,1
2025-04-13 03:01:20,2258,600 - Centro Deportivo Municipal La Maso,"Calle Ubeda esquina Plaza Virgen de la capilla ,",-3.7149566,40.4825507,24,24,3,21,0,1
2025-04-13 03:01:20,2259,566 - Avenida de Logrono,"Avenida de Logrono, 112 ,",-3.5815033,40.4703472,24,24,19,5,0,1
2025-04-13 03:01:20,2260,565 - Metro Barajas,"Calle Playa de Riazor, 65 ,",-3.5838869,40.47563573,24,23,18,5,0,1
2025-04-13 03:01:20,2261,467 - Univ. Rey Juan Carlos - Facultad  CJS,"467 -  Calle Villardondiego  n.32,",-3.6084888,40.4062361,24,24,7,17,0,1
2025-04-13 03:01:20,2262,469 - C. Deportivo Mpal Faustina Valladolid,"469 - Ladera de los Almendros, 6,",-3.6229899999999997,40.40343,24,24,18,6,0,1
2025-04-13 03:01:20,2263,470 - Avenida Real - Galeote,"Avenida Real, 3,",-3.6063672000000007,40.4021519,18,18,17,1,0,1
2025-04-13 03:01:20,2264,471 - Molino Viejo - Minerva,"Calle Molino Viejo frente , 14,",-3.60666,40.396301,18,18,12,6,0,1
2025-04-13 03:01:20,2265,271 - Amaltea-Meneses,"Calle Amaltea, 1 ,",-3.68317,40.394706,24,21,19,2,0,1
2025-04-13 03:01:20,2266,466 - Villablanca - Vereda del Pinar,"Calle Villablanca 7,",-3.6078326500000006,40.40894698,23,23,14,9,0,1
2025-04-13 03:01:20,2267,"275 - Juan Antonio Vallejo-Najera Botas, 25","Paseo Juan Antonio Vallejo-Najera Botas, 25 ,",-3.7082123,40.4020545,23,22,3,19,0,1
2025-04-13 03:01:20,2268,475 - Aurora Boreal - Minerva," Avenida de la Aurora Boreal, 19,",-3.603668,40.399236,23,23,6,17,0,1
2025-04-13 03:01:20,2269,274 - Estacion Sur Mendez Alvaro A,"Calle Mendez Alvaro, 73 ,",-3.6813434600000003,40.39675755,23,23,15,8,0,1
2025-04-13 03:01:20,2270,605 - Nuria - Pena Sirio,"Calle Nuria n.24,",-3.7048829999999997,40.491644,24,24,8,16,0,1
2025-04-13 03:01:20,2271,522 - Metro Estadio Metropolitano,"Avenida Arcentales (frente Estadio Metropolitano),",-3.60097542,40.43333298,24,24,0,24,0,1
2025-04-13 03:01:20,2272,521 - Metro Las Rosas,"Calle Ginebra (esquina con Suecia),",-3.6048180999999997,40.423893,24,23,9,14,0,1
2025-04-13 03:01:20,2273,508 - Metro Canillejas,"Intercambiador de Canillejas,",-3.609553,40.449095,24,24,3,21,0,1
2025-04-13 03:01:20,2274,80A - Estacion de Atocha A,"Avenida Ciudad de Barcelona (esquina con Plaza de Carlos V),",-3.690538,40.407573,23,27,25,2,0,1
2025-04-13 03:01:20,2275,80B - Estacion de Atocha B,"Avenida Ciudad de Barcelona (esquina con Plaza de Carlos V),",-3.6904748,40.4075211,27,27,26,1,0,1
2025-04-13 03:01:20,2276,447 - Adolfo Bioy Casares - Las Suertes,"Calle Adolfo Bioy Casares, 3 ,",-3.5981935,40.3668504,27,31,18,13,0,1
2025-04-13 03:01:20,2278,412 - Estacion de tren de Puente de Alcocer,"Calle San Jenaro, 1,",-3.7043083000000006,40.3500291,24,24,12,12,0,1
2025-04-13 03:01:20,2279,415 - Diamante - Delmira Agustini,"Calle Diamante, 10 ,",-3.6877534,40.3532609,24,31,29,2,0,1
2025-04-13 03:01:20,2281,"545 - Zapatoca, 8","Calle Zapatoca, 8,",-3.63335803,40.47285235,23,23,21,2,0,1
2025-04-13 03:01:20,2283,563 - Soto Hidalgo,"Calle soto Hidalgo, 3 ,",-3.5820745,40.4606465,27,30,28,2,0,1
2025-04-13 03:01:20,2285,281 - Reina Cristina - Julian Gayarre,"Paseo de Reina Cristina, 6 ,",-3.6831862,40.4067247,23,21,11,10,0,1
2025-04-13 03:01:20,2157,"519 - Troya, 11","Calle Troya, 11,",-3.61191521,40.43699597,24,24,23,1,0,1
2025-04-13 03:01:20,2280,413 - Doctor Martin Arevalo,"Calle Doctor Martin Arevalo enfrente del N16 ,",-3.707413,40.345928,24,23,22,1,0,1
2025-04-13 03:01:20,2388,612 - Calle Rosalia de Castro 1,"Calle Rosalia de Castro 1,",-3.734639,40.480258,23,22,11,11,0,1
2025-04-13 03:01:20,1633,227 - Arroyo del Olivar,"Calle Arrollo del Olivar, 3 ,",-3.665936242935637,40.39382977920336,24,25,17,8,0,1
2025-04-13 03:01:20,1540,134 - Maria de Guzman - Agustin de Betancourt,"Calle Maria de Guzman n. 58,",-3.6955687,40.4441818,23,22,5,17,0,1
2025-04-13 03:01:20,1974,460 - Fuente Carrantona - Doctor Garcia Tapia,"Fuente Carrantona , 33,",-3.63192261,40.4070216,27,27,7,20,0,1
2025-04-13 03:01:20,1981,501 - Metro Alsacia,"Calle Hermanos Garcia Noblejas, 137 ,",-3.6241999999999996,40.4191,23,22,3,19,0,1
2025-04-13 03:01:20,2099,441 - Estacion de tren de Santa Eugenia,"Avenida Santa Eugenia,1 ,",-3.6094815299999996,40.38600753,24,24,2,22,0,1
2025-04-13 03:01:20,1624,218 - Camino de los Vinateros A,"Camino de Vinateros, 28 ,",-3.6572967,40.4105478,23,22,9,13,0,1
2025-04-13 03:01:20,1512,108 - Martires Concepcionistas - Alcala,"Calle Martires Concepcionistas n. 2,",-3.6706519999999996,40.427402,27,27,5,22,0,1
2025-04-13 03:01:20,2103,557 - Metro Alameda de Osuna,"Calle Rioja, 13,",-3.5881514300000004,40.45746674,24,24,13,11,0,1
2025-04-13 03:01:20,2153,377 - Metro Abrantes,"Avenida De Abrantes, 55 ,",-3.72783615,40.38091762,23,23,5,18,0,1
2025-04-13 03:01:20,2148,374 - Dinero - La Peseta,"Calle del Dinero, 38,",-3.7501466,40.3625707,27,26,15,11,0,1
2025-04-13 03:01:20,2292,551 - Ona,"Calle Ona s/n,",-3.6658565,40.4891872,23,23,4,19,0,1
2025-04-13 03:01:20,1460,56 - Plaza del Carmen ,"Calle Abada, 2,",-3.7039032999999995,40.4190322,22,22,11,11,0,1
2025-04-13 03:01:20,2101,"443 - Fuentespina, 33","Calle Fuentespina, 33,",-3.6072475500000003,40.37941487,24,24,15,9,0,1
2025-04-13 03:01:20,2115,586 - Caldas Estrach - San Cugat del Valles,"Calle Caldas de Estrach, 14,",-3.6974724999999995,40.4963916,23,23,11,12,0,1
2025-04-13 03:01:20,1433,29 - Marques de Cubas,"Calle del Marques de Cubas n. 25,",-3.6957434000000005,40.4163838,23,22,1,21,0,1
2025-04-13 03:01:20,1593,187 - Alejandro Gonzalez - Alcala,"Calle de Alejandro Gonzalez,1,",-3.6638249,40.4301326,23,22,4,18,0,1
2025-04-13 03:01:20,2077,"505 - Castillo de Ucles, 37","Calle Castillo de Ucles, 37,",-3.62306578,40.4315255,24,23,15,8,0,1
2025-04-13 03:01:20,1554,148 - Serrano 210,"Calle Serrano n. 210,",-3.6813971,40.451117,23,23,2,21,0,1
2025-04-13 03:01:20,1543,137 - Plaza de la Republica Argentina,"Plaza de la republica argentina, 7 ,",-3.6853377000000003,40.4454477,24,24,6,18,0,1
2025-04-13 03:01:20,2110,106A - Plaza de Colon A,"Calle Serrano n. 32,",-3.687807,40.424924,19,19,2,17,0,1
2025-04-13 03:01:20,1511,107 - Serrano - Conde de Aranda,"Calle Serrano n. 8,",-3.6883841104507464,40.42156087297841,23,25,20,5,0,1
2025-04-13 03:01:20,1639,233 - El dragon de La Elipa,"Calle Marques de Corbera, 12 ,",-3.6555789000000005,40.4229522,24,28,27,1,0,1
2025-04-13 03:01:20,2038,504 - Biblioteca Publica Municipal San Blas,"Calle de San Roman del Valle, 20,",-3.623466935545257,40.42309928573645,24,23,6,17,0,1
2025-04-13 03:01:20,1618,212 - Metro Marques de Vadillo,"Glorieta Marques de Vadillo, 9,",-3.7165910000000006,40.398247,27,36,34,2,0,1
2025-04-13 03:01:20,1987,351 - Comandante Fontanes - General Ricardos,"Calle Comandante Fontanes, 1 ,",-3.7211209,40.3951415,23,24,6,18,0,1
2025-04-13 03:01:20,2133,365 - Palacio Vistalegre Arena,"Avenida Plaza de Toros, 3 ,",-3.7372590799999994,40.38537202,23,23,7,16,0,1
2025-04-13 03:01:20,2158,"378 - Eugenia de Montijo, 83","Calle Eugenia de Montijo, 83,",-3.7509732999999996,40.37562288,24,24,2,22,0,1
2025-04-13 03:01:20,2139,368 - Eugenia de Montijo,"Calle Eugenia de Montijo, 57 ,",-3.7470606799999997,40.3791024,15,15,8,7,0,1
2025-04-13 03:01:20,1544,138 - Estacion de tren Nuevos Ministerios,"Paseo de la Castellana, 63 ,",-3.6914063,40.4457414,23,23,0,23,0,1
2025-04-13 03:01:20,1541,135 - Plaza de San Juan de la Cruz,"Plaza de San Juan de la Cruz, 10 ,",-3.692734,40.441481,23,23,8,15,0,1
2025-04-13 03:01:20,1547,141 - Plaza de Emilio Castelar,"Paseo de la Castellana n. 43,",-3.6893917,40.4354047,12,12,0,12,0,1
2025-04-13 03:01:20,1604,198 - Metro Ruben Dario,"Paseo de las Castellana, 33 ,",-3.6890999999999994,40.432,23,23,1,22,0,1
2025-04-13 03:01:20,1497,94 - Estacion de tren de Recoletos,"Paseo de Recoletos n. 20,",-3.6907560000000004,40.4232153,23,23,19,4,0,1
2025-04-13 03:01:20,1496,93 - Plaza de Margaret Thatcher,"Calle Goya (esquina calle Marques de Zurgena),",-3.6893361690338162,40.42575853342561,23,22,6,16,0,1
2025-04-13 03:01:20,1507,104 - Castellana - Hermosilla,"Paseo de la Castellana n. 4,",-3.6895799999999994,40.42677,23,23,10,13,0,1
2025-04-13 03:01:20,1548,142 - Bajo elevado de Eduardo Dato,"Paseo de la Castellana n. 42,",-3.6879154,40.4334087,23,22,0,22,0,1
2025-04-13 03:01:20,2168,338 - Guarena - Luis Chamizo,"Calle Guarena, 22 ,",-3.7653391035306,40.386362337060476,18,17,0,17,0,1
2025-04-13 03:01:20,2282,567 - Plaza Mayor de Barajas,"Plaza Mayor de Barajas, 24,",-3.5776537,40.4733252,24,23,21,2,0,1
2025-04-13 03:01:20,1616,210 - Calle de las Tres Cruces - Gran Via,"Calle de las Tres Cruces,",-3.7027164000000004,40.4196518,27,26,8,18,0,1
2025-04-13 03:01:20,2307,1 - Metro Sol,"Calle Mayor , 6,",-3.7054098,40.416465,23,0,0,0,0,1
2025-04-13 03:01:20,1429,25B - Plaza de Celenque B,"Plaza de Celenque n. 1,",-3.7058976,40.4173687,24,0,0,0,0,1
2025-04-13 03:01:20,1994,570 - Uni. Autonoma Madrid - Facul. Medicina,"Calle Arzobispo Morcillo, 6,",-3.6938,40.4815,27,28,12,16,0,1
2025-04-13 03:01:20,1489,86 - Cibeles,"Paseo del Prado, 1B ,",-3.6933498,40.4186516,24,23,5,18,0,1
2025-04-13 03:01:20,1658,252 - Est. tren Chamartin - Clara Campoamor,"Calle Agustin de Foxa, 40 ,",-3.6839695,40.4717403,23,23,7,16,0,1
2025-04-13 03:01:20,2013,569 - C. Deportivo Mpal. Vicente del Bosque,"Avenida Monforte de Lemos, 13 ,",-3.6964999999999995,40.4795,23,22,15,7,0,1
2025-04-13 03:01:20,1997,297 - Simancas - Pinos Alta,"Calle Simancas, 2,",-3.6951129800000007,40.4655,23,23,1,22,0,1
2025-04-13 03:01:20,2049,572 - Junta Mpal. Dtto. Fuencarral - El Pardo,"Avenida Monforte de Lemos, 123,",-3.70997335,40.47810429,24,24,17,7,0,1
2025-04-13 03:01:20,2045,458 - Metro Vinateros,"Calle del Arroyo Belincoso, 26,",-3.6525660400000004,40.40991083,24,23,17,6,0,1
2025-04-13 03:01:20,1442,38 - Plaza de los Carros,"Carrera de San Francisco enfrente del n. 2 ,",-3.7115898000000005,40.4113586,27,33,22,11,0,1
2025-04-13 03:01:20,1438,34 - Jacinto Benavente,"Plaza de Jacinto Benavente,",-3.7036883000000005,40.4145422,24,0,0,0,0,1
2025-04-13 03:01:20,2238,561 - Plaza Nuestra Senora de Loreto,"Calle Cristo del Gran Poder (cruce con calle Alas) ,",-3.5857510000000006,40.472048,23,23,16,7,0,1
2025-04-13 03:01:20,2080,302 - Ps. Direccion B - Pque A. Rguez Sahagun,"Paseo de la Direccion, 330, (enfrente) ,",-3.703955,40.4702445774,24,24,6,18,0,1
2025-04-13 03:01:20,2005,352 - Algorta  - General Ricardos,"Calle Algorta, 2,",-3.72745169,40.39162261454714,23,24,12,12,0,1
2025-04-13 03:01:20,1600,194 - Intercambiador de Avenida de America,"Calle Francisco Silvela, 87 ,",-3.6771534999999997,40.4372638,24,23,9,14,0,1
2025-04-13 03:01:20,1406,2 - Metro Callao,"Calle Miguel Moya n. 1,",-3.7056899999999997,40.4204,27,26,9,17,0,1
2025-04-13 03:01:20,2176,314 - Av. Valladolid - Parque de la Bombilla,"Avenida Valladolid, 47D ,",-3.73068,40.42966,27,27,17,10,0,1
2025-04-13 03:01:20,2019,305 - Intercambiador de Principe Pio B,"Paseo de la Florida, 37,",-3.72317757,40.42276114,23,23,11,12,0,1
2025-04-13 03:01:20,1567,161 - Intercambiador de Principe Pio A,"Paseo de la Florida n. 8,",-3.7220993214090403,40.422192474165534,27,27,26,1,0,1
2025-04-13 03:01:20,1514,110 - Intercambiador de Moncloa,"Paseo de Moret n. 1,",-3.7201021,40.434745,23,21,8,13,0,1
2025-04-13 03:01:20,1614,208 - Intercambiador de Plaza de Castilla,"Paseo de la Castellana, 216 ,",-3.6890611,40.4662811,18,18,4,14,0,1
2025-04-13 03:01:20,1428,25A - Plaza de Celenque A,"Plaza de Celenque n. 1,",-3.7057791,40.4173703,24,0,0,0,0,1
2025-04-13 03:01:20,2056,300 - Capitan Blanco Argibay - Alfalfa,"Calle Capitan Blanco Argibay, 112 ,",-3.7031881999999996,40.4667435,24,24,11,13,0,1
2025-04-13 03:01:20,1426,23 - Santo Domingo,"Plaza de Santo Domingo n. 1,",-3.708249,40.4202595,24,23,11,12,0,1
2025-04-13 03:01:20,1962,481 - Diego Ayllon - Arturo Soria,"Diego Ayllon, 2,",-3.6521906299999998,40.45117857,23,24,12,12,0,1
2025-04-13 03:01:20,2359,607 - Metro Ligero - Palas de Rey,"Calle Valcarlos, n.20 ,",-3.6641571,40.5051915,27,24,4,20,0,1
2025-04-13 03:01:20,2107,531 - Metro Parque de Santa Maria,"Calle de Santa Virgilia, 6,",-3.6450740999999995,40.4768782,23,22,20,2,0,1
2025-04-13 03:01:20,1533,127 - Mercado Municipal de Vallehermoso,"Calle Fernando el Catolico n. 19,",-3.708439,40.4338516,27,26,5,21,0,1
2025-04-13 03:01:20,1986,265 - Puerto Serrano - Embajadores,"Calle Puerto Serrano, 1 enfrente del n. 6 ,",-3.6884609999999998,40.385412,23,22,15,7,0,1
